ID,grade,sub_grade,open_acc,dti,inq_last_6mths,emp_dur,annual_inc,home_ownership,purpose,loan_amnt,int_rate,revol_bal,revol_util
195099,D,D2,3,3.17,3,01-Mar,140000,RENT,debt_consolidation,15000,0.1629,8592,0.728
239901,A,A4,11,17.99,0,04-Jun,71500,MORTGAGE,credit_card,10000,0.0692,8771,0.386
63636,D,D3,15,22.68,1,04-Jun,40000,MORTGAGE,other,10000,0.1885,13760,0.612
220887,C,C2,9,29.2,0,04-Jun,36000,MORTGAGE,debt_consolidation,14125,0.1447,10907,0.682
154863,A,A2,7,12.43,2,01-Mar,62000,RENT,debt_consolidation,10600,0.0662,10975,0.378
137836,E,E5,10,24.47,0,04-Jun,52378,RENT,debt_consolidation,20675,0.2247,21960,0.605
199990,B,B4,8,28.03,0,01-Mar,40248,OWN,credit_card,6400,0.1249,3680,0.657
23319,C,C3,7,12.86,0,01-Mar,69996,MORTGAGE,debt_consolidation,25000,0.1398,13862,0.82
231189,C,C3,9,7.71,0,10+,45000,RENT,debt_consolidation,10000,0.1333,10697,0.615
193633,D,D1,10,24.99,0,07-Sep,34000,RENT,debt_consolidation,2975,0.1561,2551,0.46
94538,B,B4,10,15.6,0,10+,85000,RENT,debt_consolidation,18000,0.1311,20107,0.562
233722,E,E3,20,26.22,4,10+,88000,MORTGAGE,other,1325,0.1952,13032,0.686
49031,E,E2,9,24.22,0,01-Mar,50000,MORTGAGE,debt_consolidation,22250,0.217,20862,0.979
125434,C,C3,11,12.11,1,07-Sep,65000,MORTGAGE,home_improvement,5100,0.158,10064,0.613
245391,F,F3,8,10.21,2,0-1,60000,MORTGAGE,debt_consolidation,29975,0.245,22510,0.579
6783,C,C3,8,20.4,2,07-Sep,62000,MORTGAGE,major_purchase,2500,0.1465,8374,0.974
26378,D,D2,12,12.35,1,01-Mar,65004,MORTGAGE,debt_consolidation,10000,0.1521,8102,0.466
117206,A,A3,5,0.32,1,07-Sep,95000,MORTGAGE,small_business,5000,0.0762,396,0.016
158338,E,E4,19,30.96,1,01-Mar,62000,MORTGAGE,debt_consolidation,18550,0.2099,30282,0.432
98726,B,B1,11,5.18,1,10+,110000,MORTGAGE,debt_consolidation,10000,0.1016,20077,0.367
119497,C,C1,10,18.41,0,07-Sep,65000,MORTGAGE,debt_consolidation,20000,0.1433,26868,0.759
121374,C,C2,7,23.5,1,04-Jun,50000,RENT,credit_card,10000,0.1531,11278,0.603
213390,D,D3,15,20.34,2,01-Mar,1.00E+05,MORTGAGE,home_improvement,10725,0.1825,5283,0.508
70876,C,C5,23,23.45,2,07-Sep,46100,RENT,credit_card,9300,0.1678,8891,0.357
13072,B,B3,16,16.64,1,01-Mar,60000,MORTGAGE,debt_consolidation,18000,0.1099,30426,0.618
47603,D,D1,14,25.06,0,10+,68000,RENT,debt_consolidation,25000,0.1776,20341,0.706
150123,A,A4,9,18.82,0,01-Mar,70000,MORTGAGE,debt_consolidation,12000,0.079,7117,0.699
184716,B,B2,11,25.17,1,07-Sep,84000,MORTGAGE,debt_consolidation,20000,0.1015,19331,0.844
23022,B,B5,2,0,0,missing,49000,MORTGAGE,other,7200,0.1186,0,0
160928,F,F3,13,28.71,1,01-Mar,65000,MORTGAGE,debt_consolidation,15250,0.245,4967,0.788
165015,E,E5,10,15.95,2,missing,24000,OWN,debt_consolidation,7150,0.2215,10970,0.623
223266,A,A3,8,11.22,0,10+,95000,MORTGAGE,debt_consolidation,26000,0.0762,42119,0.244
85058,B,B1,16,26.26,0,04-Jun,58000,MORTGAGE,credit_card,4800,0.1016,21464,0.556
65785,C,C3,8,11.65,0,01-Mar,110000,MORTGAGE,debt_consolidation,10000,0.1522,4910,0.381
47120,C,C1,11,2.8,3,01-Mar,160000,RENT,other,9000,0.143,10667,0.58
203510,D,D2,12,19.2,0,10+,85000,MORTGAGE,debt_consolidation,10500,0.1757,53694,0.551
92926,D,D4,9,27.26,0,04-Jun,42000,RENT,other,4000,0.1905,15102,0.543
148344,B,B3,4,2.87,1,04-Jun,72000,RENT,debt_consolidation,12000,0.1212,848,0.057
148782,A,A2,9,10.13,2,07-Sep,25000,MORTGAGE,home_improvement,12375,0.0662,3439,0.156
130442,C,C1,17,20.09,3,04-Jun,78000,RENT,credit_card,8300,0.1433,13216,0.462
51085,C,C2,7,16.94,0,0-1,90000,OWN,credit_card,14000,0.151,33512,0.846
240096,C,C4,8,19.17,0,missing,90000,RENT,debt_consolidation,35000,0.1399,51087,0.946
175051,C,C4,12,15.63,0,04-Jun,53000,RENT,debt_consolidation,10500,0.1449,9178,0.496
73443,C,C3,2,5.85,2,07-Sep,72912,MORTGAGE,debt_consolidation,24000,0.1522,15290,0.542
78161,B,B3,11,14.34,2,0-1,80000,RENT,debt_consolidation,15000,0.1212,9497,0.34
66872,D,D1,9,25.66,1,07-Sep,46200,RENT,debt_consolidation,16000,0.1756,8812,0.367
28790,C,C1,9,20.6,0,0-1,24000,RENT,major_purchase,5600,0.1273,6551,0.668
209760,D,D5,9,32.22,0,04-Jun,32000,RENT,debt_consolidation,4825,0.1947,2328,0.358
238636,C,C3,10,16.44,0,07-Sep,1.00E+05,MORTGAGE,debt_consolidation,26000,0.1333,5547,0.237
143534,B,B2,16,16.35,2,04-Jun,140000,MORTGAGE,major_purchase,3000,0.1074,41281,0.685
183822,C,C4,6,30.72,2,01-Mar,40000,RENT,debt_consolidation,10000,0.1449,9946,0.865
23109,C,C3,3,10.3,3,04-Jun,44400,RENT,moving,2350,0.1398,0,0
235440,C,C4,12,19.68,1,0-1,64350,MORTGAGE,home_improvement,12000,0.1399,3679,0.186
188665,B,B5,11,22.54,1,10+,42277,MORTGAGE,credit_card,11500,0.1249,6217,0.576
130981,C,C4,16,11.85,2,01-Mar,72000,MORTGAGE,debt_consolidation,16925,0.1629,6090,0.409
228727,C,C2,5,25.79,0,10+,35000,MORTGAGE,debt_consolidation,4000,0.1269,5443,0.486
239176,B,B5,14,6.32,1,07-Sep,85000,MORTGAGE,debt_consolidation,6000,0.1153,6065,0.163
4144,B,B4,2,2.08,0,04-Jun,38000,RENT,other,8000,0.1242,2007,0.334
93084,C,C3,5,14.95,0,10+,106000,MORTGAGE,credit_card,32000,0.158,27355,0.906
64946,B,B1,16,5.04,0,missing,80000,MORTGAGE,debt_consolidation,8400,0.0971,7847,0.1
208777,C,C2,12,24.36,1,07-Sep,60000,MORTGAGE,debt_consolidation,15000,0.1416,2882,0.443
187546,B,B1,13,18,0,10+,60000,MORTGAGE,debt_consolidation,12000,0.0917,6196,0.316
89918,C,C4,12,17.63,1,04-Jun,32000,RENT,debt_consolidation,11100,0.1629,15964,0.545
13749,A,A5,6,14.07,0,04-Jun,101000,MORTGAGE,credit_card,18000,0.0849,49542,0.506
27537,A,A2,7,8.46,0,10+,57000,MORTGAGE,other,5200,0.0676,714,0.05
181994,E,E5,6,9.48,1,10+,52000,RENT,debt_consolidation,6000,0.2215,9618,0.952
170307,C,C2,6,4.89,0,04-Jun,67500,MORTGAGE,debt_consolidation,12000,0.1335,8279,0.457
166801,E,E4,15,20.3,1,01-Mar,46000,MORTGAGE,small_business,9575,0.2099,1442,0.099
181486,A,A4,6,26.56,0,missing,15000,RENT,debt_consolidation,5000,0.0769,1552,0.345
11293,A,A5,8,16.05,2,01-Mar,45600,MORTGAGE,car,1450,0.0849,9164,0.487
189211,C,C3,9,14.04,0,10+,140000,MORTGAGE,debt_consolidation,8000,0.1398,29440,0.898
95206,B,B1,15,21.98,1,01-Mar,40000,RENT,debt_consolidation,15000,0.1016,21198,0.271
229607,C,C1,21,17.9,2,01-Mar,50012,MORTGAGE,debt_consolidation,7000,0.1229,9927,0.229
12077,A,A5,5,4.68,3,0-1,30000,RENT,car,6500,0.0849,3272,0.212
145404,A,A5,4,15.97,0,01-Mar,13000,RENT,debt_consolidation,5000,0.089,4941,0.402
160524,A,A4,11,12.97,0,0-1,110000,OWN,other,2400,0.0749,84,0.003
43167,B,B5,11,11.82,0,01-Mar,1.00E+05,RENT,credit_card,13000,0.1367,22952,0.873
81501,C,C5,14,10.12,2,missing,42713.76,MORTGAGE,home_improvement,7000,0.1727,6395,0.488
242451,C,C3,11,22.96,1,10+,80000,MORTGAGE,credit_card,20475,0.1333,47327,0.787
21999,C,C4,10,14.6,0,10+,118812,MORTGAGE,debt_consolidation,15000,0.1335,28563,0.949
58120,B,B1,8,20.02,1,07-Sep,35000,MORTGAGE,credit_card,10000,0.0999,20589,0.478
222286,A,A4,15,20.97,0,0-1,70796,MORTGAGE,debt_consolidation,24000,0.079,7293,0.456
118670,A,A3,6,1.99,1,07-Sep,45000,RENT,debt_consolidation,5400,0.0762,3340,0.226
111575,A,A1,12,8.03,1,04-Jun,55000,MORTGAGE,debt_consolidation,18000,0.0603,12899,0.343
193256,B,B4,10,19.04,0,10+,44000,RENT,credit_card,6000,0.1167,12315,0.696
155089,B,B5,13,16.35,0,10+,63996,MORTGAGE,debt_consolidation,20000,0.1269,18379,0.489
159523,C,C2,7,13.38,0,07-Sep,80000,RENT,car,7800,0.1299,12659,0.917
42184,B,B5,12,12.69,1,10+,130000,MORTGAGE,other,6500,0.1367,9023,0.37
77572,B,B2,23,18.79,1,10+,57600,MORTGAGE,debt_consolidation,24000,0.1114,12549,0.494
117632,F,F2,14,11.21,2,04-Jun,115000,MORTGAGE,debt_consolidation,35000,0.2328,30406,0.528
93758,D,D3,7,18.51,2,10+,65000,MORTGAGE,debt_consolidation,20000,0.1875,15856,0.797
49769,E,E1,21,19.37,4,10+,63000,MORTGAGE,credit_card,22400,0.21,18850,0.54
62088,E,E3,8,26.02,0,10+,38000,RENT,debt_consolidation,16750,0.216,17055,0.761
4890,A,A4,10,10.43,1,10+,82000,MORTGAGE,other,4000,0.079,9468,0.701
9117,G,G1,9,8.6,0,07-Sep,1.00E+05,MORTGAGE,credit_card,30000,0.2211,26479,0.835
106453,C,C3,8,5.22,1,01-Mar,89400,MORTGAGE,wedding,8000,0.158,3899,0.213
139534,A,A5,17,27.17,0,04-Jun,28000,RENT,debt_consolidation,5000,0.089,7362,0.386
136854,B,B5,12,13.83,0,10+,120000,OWN,debt_consolidation,15000,0.1409,13078,0.703
58449,D,D1,11,10.31,3,missing,48300,MORTGAGE,home_improvement,6075,0.1776,8242,0.585
193403,D,D3,10,14.56,1,04-Jun,89000,MORTGAGE,debt_consolidation,26925,0.1699,9727,0.628
50073,A,A1,10,10.2,0,04-Jun,160000,MORTGAGE,major_purchase,10000,0.0603,7102,0.182
34840,F,F2,6,16.93,0,01-Mar,101004,RENT,other,20000,0.1758,18606,0.675
107926,B,B1,11,18.89,1,04-Jun,96000,MORTGAGE,debt_consolidation,30000,0.1016,48729,0.5
168826,B,B5,16,32.91,0,10+,55000,MORTGAGE,debt_consolidation,10000,0.1249,15974,0.498
131986,D,D3,8,28.59,1,01-Mar,40000,MORTGAGE,debt_consolidation,14700,0.1875,6593,0.749
193822,C,C1,4,0.19,0,10+,154000,OWN,other,10000,0.1299,819,0.144
14271,B,B3,5,24.48,0,04-Jun,20000,RENT,debt_consolidation,4000,0.1099,1005,0.057
67835,C,C1,12,13.1,3,0-1,160000,RENT,debt_consolidation,21000,0.1368,40075,0.629
71090,B,B3,14,12.89,1,01-Mar,50000,MORTGAGE,home_improvement,8000,0.1155,6444,0.319
139033,A,A4,8,10.27,1,10+,50000,MORTGAGE,home_improvement,12000,0.079,383,0.024
156977,A,A1,16,7.36,0,01-Mar,66000,RENT,vacation,5000,0.0603,3337,0.055
11427,A,A5,14,25.82,2,10+,29000,MORTGAGE,small_business,7200,0.0849,10651,0.371
27416,B,B3,8,23.12,0,07-Sep,49200,RENT,debt_consolidation,25000,0.1062,1321,0.083
155996,C,C5,8,16.38,1,04-Jun,119988,MORTGAGE,debt_consolidation,7000,0.1596,35716,0.999
200608,B,B4,16,31.84,0,10+,47000,RENT,debt_consolidation,8225,0.1249,937,0.07
121402,A,A5,8,8.44,2,10+,108569,MORTGAGE,debt_consolidation,20000,0.089,19788,0.454
174226,C,C1,13,18.09,3,07-Sep,51000,MORTGAGE,debt_consolidation,10750,0.1299,10836,0.612
127484,B,B2,11,26.34,1,04-Jun,70000,RENT,debt_consolidation,14000,0.1114,14117,0.759
208502,E,E2,5,5.09,1,10+,67000,RENT,debt_consolidation,20000,0.2049,6535,0.3
82407,B,B2,11,11.24,1,04-Jun,90939,MORTGAGE,debt_consolidation,14000,0.1114,34487,0.61
88119,F,F5,11,18.86,1,07-Sep,2.00E+05,MORTGAGE,debt_consolidation,35000,0.2383,9823,0.982
240646,B,B2,6,11.56,0,07-Sep,77000,MORTGAGE,debt_consolidation,9000,0.0917,7908,0.557
136290,B,B3,7,21.62,0,04-Jun,68000,RENT,other,9000,0.1212,12665,0.627
141691,D,D1,5,12,0,04-Jun,15000,RENT,vacation,3000,0.1727,4615,0.71
230458,C,C2,14,12.02,0,01-Mar,60000,MORTGAGE,debt_consolidation,27000,0.1269,18884,0.5
12191,F,F1,12,14.51,0,01-Mar,34737,RENT,other,3500,0.2148,3790,0.665
51078,B,B1,7,27.55,0,04-Jun,52000,RENT,credit_card,14000,0.0999,7235,0.613
63281,F,F2,11,30.13,2,04-Jun,65000,RENT,debt_consolidation,12000,0.2408,4127,0.516
81961,B,B4,6,10.24,0,01-Mar,30000,MORTGAGE,debt_consolidation,6625,0.1311,9001,0.514
111452,C,C4,10,32.29,0,10+,85000,MORTGAGE,debt_consolidation,32350,0.1629,39056,0.91
193102,B,B5,7,12.62,0,10+,70000,MORTGAGE,debt_consolidation,10000,0.1249,6089,0.41
177704,B,B5,5,23.3,1,07-Sep,105000,RENT,debt_consolidation,12000,0.1249,4539,0.42
23613,B,B1,5,24.59,1,01-Mar,22500,RENT,debt_consolidation,7000,0.1038,9314,0.665
205454,B,B3,9,12.31,3,10+,70000,MORTGAGE,credit_card,14400,0.1199,3355,0.39
53063,D,D3,13,10.85,2,10+,47900,MORTGAGE,credit_card,6000,0.192,7877,0.625
183772,B,B2,14,3.07,0,01-Mar,45000,MORTGAGE,credit_card,10000,0.1015,7946,0.397
232977,C,C3,9,10.13,0,04-Jun,72000,OWN,debt_consolidation,10000,0.1333,5315,0.275
36645,D,D4,9,18.74,1,10+,82000,RENT,credit_card,12000,0.1355,16888,0.518
56159,B,B3,11,10.47,0,10+,91500,MORTGAGE,debt_consolidation,20000,0.1199,24441,0.846
41193,A,A3,8,13.21,3,01-Mar,165000,MORTGAGE,home_improvement,28000,0.0762,4090,0.073
139115,C,C2,5,21.02,0,04-Jun,60000,MORTGAGE,debt_consolidation,29700,0.1465,25346,0.837
45911,D,D1,14,19.51,0,10+,1.00E+05,MORTGAGE,medical,10000,0.1776,23850,0.772
30312,B,B5,10,12.74,0,04-Jun,125000,RENT,debt_consolidation,25000,0.1136,26510,0.658
133408,C,C4,11,20.36,1,01-Mar,28000,RENT,debt_consolidation,5000,0.1629,7522,0.678
86051,C,C2,9,23.49,1,04-Jun,38000,RENT,debt_consolidation,5000,0.1531,4889,0.556
110819,A,A1,21,31.96,0,10+,90000,MORTGAGE,debt_consolidation,22000,0.0603,40203,0.372
152774,E,E4,11,14.23,1,04-Jun,87000,RENT,small_business,30000,0.2148,10966,0.423
199955,C,C5,12,16.63,0,10+,75000,MORTGAGE,credit_card,21000,0.1561,48229,0.8
159412,B,B5,10,19.86,1,10+,62000,OWN,debt_consolidation,19750,0.1199,7543,0.187
28956,D,D5,9,12.08,0,0-1,136000,MORTGAGE,debt_consolidation,15000,0.1607,35040,0.91
2302,D,D2,7,16.13,1,01-Mar,50000,RENT,debt_consolidation,15000,0.1677,6613,0.797
111302,C,C4,12,15.49,1,04-Jun,57400,MORTGAGE,debt_consolidation,22800,0.1629,17396,0.552
47583,D,D1,9,22.13,1,01-Mar,30000,MORTGAGE,debt_consolidation,8325,0.1776,5480,0.431
14697,A,A2,7,22.66,3,07-Sep,56400,OWN,credit_card,12100,0.0579,35486,0.425
139110,A,A2,9,12.45,1,missing,67000,MORTGAGE,debt_consolidation,5000,0.0662,4597,0.348
208521,C,C3,6,29.64,0,missing,32029.08,MORTGAGE,debt_consolidation,7600,0.1464,6515,0.598
186864,C,C2,17,12.96,0,10+,50000,MORTGAGE,credit_card,13000,0.1335,11651,0.673
160993,C,C3,8,9.64,0,04-Jun,165000,MORTGAGE,home_improvement,35000,0.1366,18506,0.898
27869,A,A3,10,11.74,0,01-Mar,34650.24,RENT,debt_consolidation,12400,0.0714,12189,0.509
31598,B,B2,6,14.06,0,04-Jun,19200,RENT,educational,8500,0.1148,3317,0.626
139668,A,A3,8,10.08,1,07-Sep,70000,RENT,debt_consolidation,30000,0.0762,19056,0.426
25794,E,E1,13,19.15,1,01-Mar,46000,MORTGAGE,major_purchase,3475,0.1645,5438,0.324
165904,E,E3,13,12.67,0,10+,71486,OWN,home_improvement,35000,0.202,2426,0.041
185700,C,C4,9,18.85,1,07-Sep,75000,RENT,debt_consolidation,4200,0.1449,12913,0.598
33856,A,A4,10,12.29,0,01-Mar,94185,MORTGAGE,home_improvement,10000,0.0932,0,0
101962,B,B2,21,17.11,3,04-Jun,65000,RENT,debt_consolidation,17500,0.1114,16975,0.297
173887,D,D5,19,19.54,3,10+,32000,MORTGAGE,debt_consolidation,8000,0.1824,8483,0.279
136744,B,B3,14,23.06,0,01-Mar,37000,RENT,credit_card,10000,0.1212,13638,0.788
21299,C,C4,17,24.27,0,04-Jun,120000,MORTGAGE,credit_card,14400,0.1335,702,0.351
67801,D,D5,13,31.57,2,01-Mar,36000,OWN,moving,5500,0.2031,3010,0.334
2034,C,C2,9,22.03,1,04-Jun,53000,RENT,debt_consolidation,15000,0.1427,5286,0.448
32411,D,D3,11,23.49,2,04-Jun,56000,RENT,other,2800,0.1531,21076,0.985
17004,D,D5,4,5.09,0,01-Mar,26400,RENT,major_purchase,10000,0.1602,4834,0.483
441,B,B3,12,10.22,1,07-Sep,85000,RENT,major_purchase,8000,0.1171,15938,0.357
18800,B,B3,4,5.08,0,01-Mar,14400,OWN,debt_consolidation,5550,0.1037,2892,0.705
190205,D,D2,16,25.09,2,01-Mar,45000,MORTGAGE,debt_consolidation,18275,0.1629,14665,0.424
135601,B,B1,13,19.38,2,01-Mar,125250,MORTGAGE,debt_consolidation,16000,0.1016,74022,0.386
80663,D,D1,10,18.36,0,10+,70000,MORTGAGE,debt_consolidation,30000,0.1777,27182,0.663
99408,C,C2,8,16.63,0,07-Sep,73500,MORTGAGE,credit_card,14400,0.1531,7104,0.798
141285,C,C4,5,15.04,2,10+,45000,RENT,debt_consolidation,8000,0.1581,5807,0.66
138105,C,C1,10,22.29,2,01-Mar,56000,OWN,other,6000,0.1433,14821,0.368
221074,C,C1,7,30.69,0,0-1,32500,OWN,credit_card,7100,0.1398,14742,0.964
102015,B,B1,13,12.16,0,10+,91000,RENT,debt_consolidation,13000,0.1016,10136,0.663
110189,D,D2,2,5.19,0,10+,46000,MORTGAGE,other,7000,0.1849,9808,0.892
4372,C,C3,9,14.94,1,01-Mar,42000,MORTGAGE,debt_consolidation,10000,0.1465,2296,0.384
233333,C,C2,6,16.94,0,07-Sep,44000,OWN,debt_consolidation,9000,0.1269,8915,0.544
212187,B,B4,11,11.19,2,10+,77000,MORTGAGE,medical,5750,0.1249,1866,0.031
236870,B,B5,12,12.67,2,0-1,95000,RENT,debt_consolidation,18000,0.1153,16132,0.633
135393,B,B2,14,15.65,3,04-Jun,53000,MORTGAGE,credit_card,1750,0.1114,31246,0.84
146119,C,C3,10,1.89,3,10+,55000,OWN,home_improvement,19600,0.1531,3016,0.117
194681,C,C2,11,24.07,0,10+,75500,MORTGAGE,debt_consolidation,3000,0.1335,14798,0.698
119343,G,G1,7,22.59,1,04-Jun,117000,MORTGAGE,debt_consolidation,35000,0.247,18515,0.785
212755,B,B5,12,19.2,0,01-Mar,86000,RENT,debt_consolidation,20000,0.1299,16395,0.976
91396,B,B1,19,23.1,0,10+,150000,MORTGAGE,car,19200,0.1016,81042,0.571
61972,C,C4,22,16.84,0,10+,141000,MORTGAGE,debt_consolidation,18000,0.1588,20545,0.845
64845,B,B1,14,6.78,0,01-Mar,115000,RENT,debt_consolidation,18600,0.0971,6616,0.284
211318,A,A4,16,17.55,3,0-1,45000,RENT,credit_card,5200,0.079,5151,0.221
23789,B,B3,4,6.1,0,04-Jun,41717,OWN,other,20000,0.1112,336,0.015
95062,A,A1,12,6.9,1,01-Mar,210000,MORTGAGE,debt_consolidation,20000,0.0603,15808,0.396
88477,E,E3,6,13.57,0,07-Sep,13000,RENT,debt_consolidation,3625,0.2149,3676,0.656
158462,C,C2,6,13.07,0,07-Sep,47000,RENT,debt_consolidation,20000,0.1299,10886,0.938
248609,E,E2,9,5.72,0,07-Sep,127000,MORTGAGE,home_improvement,25000,0.1924,8661,0.433
23674,A,A5,16,16.67,1,01-Mar,25200,MORTGAGE,credit_card,4900,0.0788,12016,0.284
21730,A,A4,4,11.48,0,10+,76404,MORTGAGE,debt_consolidation,12000,0.0654,63470,0
37222,C,C1,9,14.26,0,0-1,60000,RENT,debt_consolidation,11200,0.1078,7973,0.896
167495,C,C4,12,14.96,0,0-1,130000,MORTGAGE,debt_consolidation,24000,0.1449,63630,0.842
116622,D,D5,8,6.8,0,0-1,125000,RENT,debt_consolidation,15000,0.1972,12097,0.864
40517,D,D3,16,12.62,3,01-Mar,80000,MORTGAGE,credit_card,35000,0.1825,33834,0.616
103006,B,B3,17,29.44,0,04-Jun,53429,RENT,credit_card,15000,0.1212,7967,0.374
39521,A,A4,5,7.11,0,0-1,50000,RENT,credit_card,10000,0.079,10955,0.605
177814,C,C1,5,5.79,0,07-Sep,95000,MORTGAGE,debt_consolidation,12000,0.1299,17852,0.626
74191,D,D4,10,26.13,1,04-Jun,45000,RENT,other,5200,0.1952,3278,0.863
63774,B,B1,16,24.24,0,10+,60000,OWN,credit_card,12000,0.0971,24996,0.654
131238,E,E2,11,24.63,2,01-Mar,71500,RENT,debt_consolidation,25000,0.21,5729,0.855
25387,D,D4,7,10.7,1,01-Mar,115000,MORTGAGE,home_improvement,9600,0.1595,2260,0.269
219316,C,C4,14,8.04,3,04-Jun,81500,RENT,debt_consolidation,7000,0.1561,6832,0.492
151984,A,A2,16,14.02,2,0-1,80000,RENT,credit_card,12000,0.0662,19303,0.291
184064,B,B2,20,9.21,1,07-Sep,80000,RENT,debt_consolidation,25000,0.1015,58073,0.219
181758,B,B1,6,4.78,2,10+,96000,MORTGAGE,credit_card,10000,0.0917,1687,0.241
74486,D,D1,5,25.79,1,10+,44720,MORTGAGE,home_improvement,11500,0.1756,3712,0.863
103960,C,C1,13,20.72,0,10+,71000,RENT,debt_consolidation,30000,0.1433,20724,0.427
165360,C,C5,14,24.43,0,10+,78000,MORTGAGE,debt_consolidation,18075,0.1499,18090,0.724
207004,F,F3,13,21.14,2,04-Jun,44500,OWN,home_improvement,19575,0.245,8228,0.674
70375,C,C2,16,27.55,1,04-Jun,45000,MORTGAGE,debt_consolidation,6000,0.1433,16720,0.47
240007,E,E5,13,24.14,1,04-Jun,42300,RENT,debt_consolidation,14375,0.2167,4709,0.389
76288,D,D1,11,11,0,07-Sep,54000,MORTGAGE,debt_consolidation,10000,0.1777,5021,0.378
158724,B,B5,9,27.93,1,04-Jun,65000,MORTGAGE,home_improvement,5000,0.1199,27964,0.916
96043,B,B2,11,7.58,0,10+,50000,MORTGAGE,debt_consolidation,15075,0.1114,15076,0.476
120065,A,A3,22,21.13,0,07-Sep,35000,RENT,other,7200,0.0762,9756,0.128
55437,D,D4,16,13.3,3,10+,86000,MORTGAGE,debt_consolidation,10000,0.1952,12588,0.364
56366,D,D4,16,29.72,4,10+,47000,RENT,debt_consolidation,8200,0.1952,21604,0.5
61569,B,B4,22,10.47,2,04-Jun,70000,MORTGAGE,home_improvement,11500,0.1235,6576,0.7
246589,D,D5,10,12.81,2,07-Sep,65000,MORTGAGE,debt_consolidation,12000,0.1786,2618,0.249
210961,E,E2,11,21.08,2,07-Sep,59675,MORTGAGE,medical,7200,0.2049,10908,0.69
128619,C,C3,5,27.13,3,04-Jun,36000,RENT,other,13250,0.158,4499,0.726
134164,A,A3,17,5.3,0,07-Sep,1.00E+05,MORTGAGE,credit_card,20000,0.0762,7370,0.094
152204,B,B1,11,15.5,0,01-Mar,1.00E+05,RENT,debt_consolidation,12500,0.0976,9299,0.655
226068,C,C3,13,26.62,1,missing,32188,MORTGAGE,debt_consolidation,5200,0.1333,2824,0.131
53741,D,D1,12,30.17,1,01-Mar,70000,MORTGAGE,debt_consolidation,20000,0.1776,18415,0.801
19421,A,A2,11,5.6,2,0-1,78000,MORTGAGE,debt_consolidation,3225,0.0579,13104,0.24
236895,C,C4,13,20.12,0,07-Sep,55000,MORTGAGE,other,6000,0.1399,6115,0.288
242047,B,B3,10,24.19,0,07-Sep,97000,MORTGAGE,debt_consolidation,22000,0.0999,17160,0.678
210309,B,B3,15,19.31,0,10+,94500,MORTGAGE,debt_consolidation,20000,0.1199,15647,0.59
47597,D,D1,11,11.56,0,07-Sep,55000,RENT,debt_consolidation,4450,0.1776,18663,0.723
30300,A,A3,10,22.38,3,04-Jun,51000,MORTGAGE,vacation,3600,0.0714,24809,0.625
95279,D,D1,24,27,1,07-Sep,72000,MORTGAGE,debt_consolidation,25000,0.1777,83048,0.552
178646,B,B1,11,21.22,3,01-Mar,82000,RENT,debt_consolidation,15000,0.0917,30194,0.68
167106,B,B3,14,29.6,1,04-Jun,42000,RENT,debt_consolidation,12000,0.1099,20503,0.446
62798,C,C2,15,12.72,0,10+,120000,MORTGAGE,debt_consolidation,20000,0.1433,11033,0.407
215821,E,E2,21,22.54,2,07-Sep,60000,MORTGAGE,debt_consolidation,20000,0.2148,12020,0.829
150431,A,A2,8,3.71,3,0-1,80000,MORTGAGE,home_improvement,10000,0.0662,9892,0.218
204064,A,A2,11,10.76,0,10+,205000,MORTGAGE,credit_card,19200,0.0662,25972,0.877
112571,F,F2,14,11.81,3,10+,75000,MORTGAGE,credit_card,33000,0.2328,46467,0.865
191876,E,E4,19,22.7,0,10+,58000,MORTGAGE,debt_consolidation,23200,0.2099,27162,0.635
13148,A,A3,16,24,0,10+,57800,MORTGAGE,home_improvement,7000,0.0699,26562,0.349
1666,B,B5,9,15.89,2,07-Sep,45000,RENT,credit_card,14000,0.1269,15386,0.631
235509,B,B1,9,20.34,0,10+,42000,OWN,debt_consolidation,2000,0.0818,4646,0.54
45205,B,B1,23,15.12,3,01-Mar,85000,MORTGAGE,debt_consolidation,15000,0.0967,7047,0.113
185390,C,C4,21,10.84,1,10+,61000,MORTGAGE,debt_consolidation,22000,0.1449,21543,0.579
94944,C,C2,17,17.59,0,0-1,70000,MORTGAGE,debt_consolidation,23750,0.1531,12321,0.665
8662,B,B1,9,19.6,3,01-Mar,42500,MORTGAGE,debt_consolidation,12600,0.0999,10341,0.676
115732,B,B3,12,17.41,0,01-Mar,45000,MORTGAGE,credit_card,9000,0.1212,9709,0.371
4554,A,A1,11,12,0,07-Sep,31303,MORTGAGE,debt_consolidation,12000,0.0603,5325,0.148
96942,B,B1,10,3.4,1,07-Sep,120000,RENT,debt_consolidation,13000,0.1016,7648,0.362
71553,C,C5,19,15.28,0,10+,115000,OWN,debt_consolidation,35000,0.1678,41338,0.808
159443,D,D2,13,5.46,1,10+,60000,RENT,medical,12000,0.1599,7000,0.226
18453,A,A3,14,5.99,1,0-1,49700,MORTGAGE,credit_card,12000,0.0692,21808,0.574
123510,D,D4,8,19.01,1,10+,37000,OWN,debt_consolidation,12800,0.1905,10425,0.883
21577,D,D2,3,21.35,0,10+,36576,MORTGAGE,home_improvement,3000,0.1446,0,0
38044,C,C5,9,21.04,0,10+,60240,MORTGAGE,debt_consolidation,18000,0.1624,12921,0.91
203206,A,A5,12,13.54,2,10+,96000,MORTGAGE,credit_card,8000,0.089,9794,0.428
187649,C,C1,9,14.05,2,01-Mar,125000,MORTGAGE,home_improvement,8000,0.1299,3044,0.254
68829,B,B1,6,6.66,0,04-Jun,40000,RENT,debt_consolidation,7200,0.0971,8534,0.677
137615,D,D3,16,30.13,0,10+,80000,MORTGAGE,debt_consolidation,19100,0.1875,27447,0.897
129002,B,B2,13,26.11,0,04-Jun,45000,RENT,debt_consolidation,17625,0.1114,8385,0.339
127897,A,A1,12,23.5,2,01-Mar,63000,RENT,debt_consolidation,15000,0.0603,6249,0.11
43848,D,D2,9,23.01,0,10+,45000,RENT,other,13150,0.1855,16407,0.469
227934,D,D5,22,23.84,0,04-Jun,250000,MORTGAGE,debt_consolidation,35000,0.1786,136150,0.92
141403,D,D3,4,13.53,2,01-Mar,70000,OWN,debt_consolidation,12700,0.1825,5277,0.517
76140,C,C1,6,29.82,0,01-Mar,13320,RENT,debt_consolidation,3825,0.1433,6865,0.869
149410,D,D1,10,7.63,2,0-1,25000,RENT,debt_consolidation,3625,0.1727,3045,0.491
3441,A,A3,4,29.25,0,01-Mar,31800,RENT,debt_consolidation,3600,0.0751,6976,0.288
942,B,B5,14,21.65,1,07-Sep,76000,MORTGAGE,debt_consolidation,24000,0.1269,23659,0.563
209317,B,B4,15,14.5,1,missing,47000,OWN,credit_card,4000,0.1249,13566,0.31
22769,A,A4,9,22.23,1,04-Jun,24996,RENT,other,8000,0.0751,3393,0.129
167624,B,B3,14,14.3,1,01-Mar,60000,MORTGAGE,debt_consolidation,8000,0.1099,5607,0.303
102326,F,F1,11,21.3,2,04-Jun,80000,RENT,debt_consolidation,21000,0.2295,14508,0.448
316,C,C3,7,21.39,2,07-Sep,34000,RENT,credit_card,6000,0.1465,6546,0.885
166857,D,D4,8,11.97,1,01-Mar,103000,RENT,other,25000,0.1757,4791,0.39
148346,A,A3,5,13.88,0,01-Mar,38400,RENT,credit_card,6300,0.0762,613,0.053
151319,B,B1,13,17.9,0,missing,85000,RENT,credit_card,7000,0.0976,9228,0.876
25961,D,D4,12,17.4,2,10+,40000,RENT,credit_card,10000,0.1595,7570,0.701
188654,E,E2,5,3.7,2,07-Sep,188000,MORTGAGE,home_improvement,24000,0.1952,6984,0.873
188411,D,D3,16,24.25,2,10+,61000,RENT,debt_consolidation,15000,0.1699,15016,0.661
173958,C,C4,9,8.29,0,10+,99000,RENT,credit_card,25000,0.1449,10189,0.418
177164,A,A5,13,3.76,0,07-Sep,137000,OWN,car,7000,0.0839,11503,0.387
196818,A,A3,7,16.29,1,10+,70000,MORTGAGE,debt_consolidation,10300,0.0712,6994,0.177
126644,A,A3,10,10.56,1,04-Jun,124000,MORTGAGE,medical,14850,0.0762,58,0.005
213928,C,C4,9,14.48,1,10+,87000,RENT,debt_consolidation,17000,0.1531,9573,0.847
19437,D,D5,9,13.58,1,0-1,62400,MORTGAGE,debt_consolidation,4575,0.1557,16675,0.83
192109,C,C1,11,18.01,3,10+,44812,MORTGAGE,credit_card,6800,0.1299,3992,0.373
163493,B,B5,16,17.39,1,01-Mar,110000,MORTGAGE,debt_consolidation,24000,0.1249,30332,0.586
96214,B,B3,12,29.04,0,10+,45000,MORTGAGE,debt_consolidation,6000,0.1212,4077,0.434
112739,A,A3,9,21.93,0,10+,38491,MORTGAGE,credit_card,16750,0.0762,23437,0.554
103164,F,F3,11,28.25,2,01-Mar,75000,RENT,debt_consolidation,33425,0.2363,40252,0.898
134961,B,B5,12,11.35,0,01-Mar,110000,MORTGAGE,credit_card,15575,0.1409,25995,0.544
34565,C,C4,7,19.89,0,01-Mar,42000,RENT,debt_consolidation,20000,0.1347,20563,0.97
80956,C,C5,7,11.39,1,10+,240000,MORTGAGE,debt_consolidation,35000,0.1727,9780,0.299
91321,A,A1,17,12.83,0,10+,2.00E+05,OWN,debt_consolidation,21000,0.0603,30441,0.633
150688,C,C5,5,2.09,8,04-Jun,80000,RENT,small_business,4000,0.1629,249,0.015
126631,A,A4,10,11.37,2,04-Jun,105000,MORTGAGE,home_improvement,9600,0.079,15093,0.751
172403,C,C3,11,28.26,1,10+,62000,MORTGAGE,debt_consolidation,7000,0.1398,11441,0.847
230043,C,C4,12,19.35,1,07-Sep,65000,RENT,debt_consolidation,17000,0.1399,9321,0.626
18348,A,A5,6,10.68,1,04-Jun,30000,MORTGAGE,medical,10000,0.0766,9285,0.649
225832,C,C2,17,34.64,1,10+,69900,MORTGAGE,debt_consolidation,10000,0.1269,15443,0.599
152635,B,B1,7,10.67,1,01-Mar,65000,RENT,other,15000,0.0976,4073,0.337
68127,D,D1,7,11.85,0,10+,62000,RENT,debt_consolidation,10000,0.1756,4908,0.654
173590,D,D2,17,30.75,1,01-Mar,75000,MORTGAGE,debt_consolidation,20000,0.1629,11370,0.418
150518,C,C1,9,16.89,1,07-Sep,65000,MORTGAGE,debt_consolidation,18000,0.1399,14562,0.639
17476,E,E1,12,21.97,2,10+,94800,MORTGAGE,debt_consolidation,27000,0.164,15660,0.578
94204,A,A3,11,18.61,1,10+,64156,MORTGAGE,debt_consolidation,10400,0.0762,26463,0.248
177778,D,D4,17,14.14,1,04-Jun,193187,MORTGAGE,home_improvement,30000,0.1757,27268,0.609
7205,E,E5,19,13.29,0,04-Jun,136500,RENT,wedding,16000,0.1969,15568,0.833
94032,C,C1,6,23.12,0,01-Mar,37000,MORTGAGE,credit_card,10000,0.1433,25376,0.872
62845,C,C4,12,17.58,1,10+,68500,RENT,home_improvement,12300,0.1588,7418,0.798
130587,G,G1,14,11.64,3,04-Jun,70000,RENT,debt_consolidation,27575,0.247,9763,0.794
44283,A,A2,12,11.84,0,10+,65000,RENT,credit_card,8000,0.0662,7416,0.434
141785,D,D2,7,5.7,0,01-Mar,39000,RENT,credit_card,3600,0.1799,4850,0.924
47141,C,C4,22,28.08,0,01-Mar,80000,RENT,debt_consolidation,6000,0.162,16398,0.756
48045,C,C1,13,24.62,1,01-Mar,33000,OWN,debt_consolidation,7000,0.143,9779,0.546
120979,D,D4,8,25.77,0,0-1,52500,RENT,debt_consolidation,18000,0.1905,42411,0.828
136154,B,B5,10,15.5,0,0-1,24000,RENT,credit_card,8325,0.1409,7415,0.741
162098,C,C1,7,18.8,0,0-1,30000,RENT,debt_consolidation,7200,0.1239,7850,0.72
89123,B,B2,11,8.34,0,04-Jun,80000,OWN,debt_consolidation,27050,0.1114,12317,0.505
195299,C,C3,10,14.65,2,04-Jun,32272,OWN,debt_consolidation,12500,0.1398,10166,0.446
105243,B,B5,7,11.64,1,01-Mar,1.00E+05,RENT,debt_consolidation,15000,0.1409,29491,0.977
51194,E,E1,14,29.67,0,07-Sep,140000,MORTGAGE,debt_consolidation,35000,0.21,38122,0.916
24931,B,B4,18,14,2,10+,45000,RENT,credit_card,6000,0.1149,4932,0.264
1473,E,E4,6,4.31,0,10+,90000,MORTGAGE,debt_consolidation,30000,0.1991,13072,0.674
142526,A,A1,9,4.51,0,10+,42000,MORTGAGE,debt_consolidation,8000,0.0603,6737,0.116
226398,C,C4,10,8.58,0,01-Mar,210000,MORTGAGE,credit_card,16000,0.1399,77437,0.645
228846,B,B2,14,23.61,0,01-Mar,68000,MORTGAGE,debt_consolidation,13500,0.0917,14394,0.602
211431,A,A3,12,11.91,0,10+,50000,MORTGAGE,credit_card,22000,0.0762,22614,0.407
162120,B,B3,11,15.92,1,04-Jun,113000,RENT,debt_consolidation,8400,0.1049,11292,0.506
108996,B,B1,10,14.07,0,07-Sep,109244,MORTGAGE,debt_consolidation,22400,0.1016,31857,0.8
212517,C,C2,6,14.64,2,01-Mar,36800,MORTGAGE,debt_consolidation,13000,0.1416,13807,0.863
179176,D,D5,9,22.1,1,10+,60000,MORTGAGE,debt_consolidation,15000,0.1824,6588,0.724
164509,A,A4,12,10,2,10+,110000,MORTGAGE,home_improvement,5000,0.0769,816,0.08
160198,D,D4,9,20.86,2,04-Jun,53000,OWN,debt_consolidation,10800,0.1714,3104,0.219
215261,A,A4,5,22.92,0,10+,30000,RENT,credit_card,10000,0.079,9702,0.836
93543,C,C5,13,4.49,1,04-Jun,60000,RENT,debt_consolidation,5500,0.1727,6922,0.351
240167,C,C5,7,14.85,0,10+,112000,MORTGAGE,credit_card,35000,0.1465,35298,0.876
180627,C,C5,9,10.19,1,01-Mar,55000,RENT,debt_consolidation,9600,0.1499,5280,0.498
39772,B,B4,8,3.93,2,04-Jun,130000,RENT,credit_card,15000,0.1285,15148,0.679
241855,B,B1,11,12.02,0,01-Mar,150000,RENT,credit_card,24000,0.0818,35265,0.549
136875,B,B5,6,13.77,0,10+,70000,MORTGAGE,debt_consolidation,27575,0.1409,41360,0.824
201043,B,B5,17,20.44,1,07-Sep,32000,RENT,credit_card,6400,0.1299,9968,0.539
33389,A,A3,7,2.38,0,10+,48000,MORTGAGE,debt_consolidation,10000,0.0774,4650,0.141
203656,D,D3,11,24.94,4,07-Sep,65000,MORTGAGE,debt_consolidation,15000,0.1825,6000,0.237
98061,D,D4,17,30.5,5,07-Sep,53000,MORTGAGE,credit_card,22400,0.1905,25383,0.707
217476,C,C5,13,19.76,1,10+,75000,MORTGAGE,debt_consolidation,35000,0.1624,13001,0.644
191340,C,C5,7,13.73,0,0-1,25000,RENT,debt_consolidation,4800,0.1499,2392,0.629
77186,B,B5,5,13.53,0,10+,65000,RENT,credit_card,3000,0.1409,32853,0.925
239443,C,C2,19,22.96,1,07-Sep,45000,RENT,debt_consolidation,20000,0.1269,22290,0.402
183289,C,C5,8,15.51,1,07-Sep,43400,MORTGAGE,debt_consolidation,5400,0.1499,30188,0.649
158568,C,C2,9,12.03,0,10+,80000,MORTGAGE,small_business,20000,0.1299,12850,0.621
104257,B,B2,14,22.75,1,04-Jun,75000,MORTGAGE,debt_consolidation,16000,0.1114,23145,0.806
200068,A,A4,8,7.43,0,10+,1.00E+05,MORTGAGE,debt_consolidation,21000,0.079,20807,0.433
136169,B,B1,13,13.93,0,10+,72000,OWN,credit_card,12000,0.1016,17082,0.645
19256,B,B5,6,4.66,1,07-Sep,26000,OWN,vacation,2000,0.1036,1378,0.445
122576,C,C1,12,30.93,0,10+,72000,MORTGAGE,debt_consolidation,15000,0.1433,27969,0.882
66745,C,C1,8,11.67,0,0-1,150000,MORTGAGE,credit_card,8975,0.1368,8854,0.553
18015,A,A4,5,10.81,2,10+,80000,RENT,major_purchase,8000,0.0729,7122,0.652
113358,E,E2,22,15.98,0,01-Mar,186000,RENT,debt_consolidation,20000,0.21,45807,0.733
233002,E,E1,8,15.74,2,01-Mar,34000,MORTGAGE,debt_consolidation,10525,0.1825,2067,0.252
237836,B,B3,5,10.66,0,01-Mar,50000,RENT,debt_consolidation,10000,0.0999,8333,0.646
119514,B,B2,8,23.81,0,07-Sep,45000,RENT,debt_consolidation,15000,0.1114,15720,0.652
234479,D,D1,8,33.7,1,04-Jun,50000,MORTGAGE,debt_consolidation,4000,0.1561,10160,0.847
22794,C,C3,14,13.72,0,01-Mar,30000,MORTGAGE,debt_consolidation,7000,0.1398,5412,0.229
191705,A,A4,5,17.42,0,01-Mar,43000,RENT,debt_consolidation,15000,0.0769,13491,0.398
93633,F,F4,20,15.93,3,10+,215000,MORTGAGE,other,20000,0.2376,53252,0.775
47794,C,C1,14,15.2,1,10+,68000,MORTGAGE,debt_consolidation,14400,0.143,8489,0.291
104133,B,B4,11,19.01,1,07-Sep,90000,MORTGAGE,credit_card,10000,0.1311,14426,0.844
109788,B,B2,8,5.83,0,04-Jun,50000,RENT,debt_consolidation,14400,0.1114,8009,0.621
125490,A,A2,10,25.79,0,10+,59000,MORTGAGE,debt_consolidation,12000,0.0662,20000,0.623
160473,F,F4,8,26.31,1,07-Sep,55000,OWN,small_business,27450,0.2499,17645,0.717
196452,E,E5,12,20.17,2,07-Sep,62000,MORTGAGE,debt_consolidation,7000,0.2215,8365,0.624
238997,C,C1,7,20.83,0,01-Mar,250000,MORTGAGE,debt_consolidation,35000,0.1229,77438,0.649
21343,B,B2,10,10.54,0,01-Mar,28800,RENT,major_purchase,6000,0.0925,1659,0.044
206768,B,B5,14,12.32,0,10+,52000,RENT,debt_consolidation,20000,0.1299,17630,0.622
15459,B,B1,8,1.8,1,01-Mar,78000,RENT,other,6000,0.0963,4140,0.174
132944,C,C5,15,11.69,2,10+,62000,MORTGAGE,debt_consolidation,24375,0.1727,21388,0.517
118374,B,B1,11,13.81,1,07-Sep,130000,RENT,credit_card,35000,0.1016,23025,0.413
54358,E,E2,12,10.81,0,10+,98000,RENT,credit_card,35000,0.217,27805,0.512
91595,A,A5,13,27.12,0,10+,55000,MORTGAGE,credit_card,9675,0.089,35156,0.624
11705,C,C2,7,10.56,0,01-Mar,57000,RENT,debt_consolidation,5500,0.1349,14831,0.637
129729,B,B5,9,21.4,1,04-Jun,42000,RENT,credit_card,15000,0.1409,14896,0.683
34574,D,D1,20,21.4,2,10+,190000,MORTGAGE,debt_consolidation,20000,0.1411,12531,0.301
64560,E,E2,7,2.4,1,01-Mar,35000,OWN,other,1750,0.2115,753,0.301
220001,C,C5,13,7.92,0,04-Jun,75000,RENT,debt_consolidation,15000,0.1624,19771,0.489
127513,F,F2,17,28.25,0,10+,76000,MORTGAGE,debt_consolidation,27000,0.2328,26091,0.669
229788,A,A1,10,28.37,0,0-1,36000,OWN,credit_card,5000,0.0532,5338,0.145
36168,B,B5,8,13.73,0,01-Mar,31200,RENT,credit_card,6000,0.1146,14154,0.858
13136,D,D1,12,21.04,1,10+,105018,MORTGAGE,debt_consolidation,28000,0.1562,24111,0.843
140468,C,C2,14,23.44,0,01-Mar,95000,MORTGAGE,debt_consolidation,30000,0.1465,37666,0.528
7330,B,B4,9,5.58,1,07-Sep,2.00E+05,RENT,medical,5000,0.1149,39849,0.766
57341,F,F3,3,13.11,0,10+,70000,RENT,debt_consolidation,31300,0.245,9328,1.025
168634,C,C2,11,11.47,1,04-Jun,75000,RENT,moving,2000,0.1335,2621,0.079
201815,A,A5,10,15.14,1,10+,65000,MORTGAGE,debt_consolidation,7500,0.089,6456,0.516
37581,C,C1,6,16.26,0,10+,98000,RENT,debt_consolidation,12200,0.1398,3289,0.783
205997,C,C3,10,21.65,0,10+,80000,MORTGAGE,credit_card,24000,0.1464,21811,0.661
206481,E,E3,18,20.85,2,10+,59000,MORTGAGE,debt_consolidation,25875,0.2118,33646,0.869
82545,B,B1,12,16.48,0,10+,83000,MORTGAGE,debt_consolidation,16000,0.1016,28481,0.776
46674,A,A4,21,19.84,1,01-Mar,145000,MORTGAGE,debt_consolidation,14000,0.079,30998,0.587
126219,A,A4,6,15.43,2,10+,96850,MORTGAGE,other,1400,0.079,15391,0.754
133035,B,B4,7,12.13,0,07-Sep,36000,RENT,credit_card,14125,0.1311,11003,0.553
223868,B,B2,9,26.82,1,10+,37000,MORTGAGE,debt_consolidation,10000,0.1099,10107,0.624
10953,A,A3,13,18.79,3,07-Sep,65000,MORTGAGE,car,6000,0.0699,15603,0.35
41610,C,C2,10,9.75,0,10+,55000,RENT,debt_consolidation,20000,0.1447,27987,0.593
5474,B,B2,14,12.33,0,04-Jun,59000,MORTGAGE,credit_card,6000,0.1065,8772,0.685
177516,E,E5,9,17.91,0,10+,54000,RENT,debt_consolidation,18625,0.2215,9906,0.762
156337,B,B3,9,14.54,0,07-Sep,86000,MORTGAGE,other,5000,0.1171,22029,0.922
42847,C,C5,10,17.2,0,01-Mar,57000,MORTGAGE,debt_consolidation,13750,0.171,5319,0.391
158075,C,C2,10,14.92,0,04-Jun,75000,OWN,credit_card,15000,0.1299,9340,0.297
73079,B,B4,11,14.25,0,0-1,62000,OWN,debt_consolidation,8000,0.1235,4601,0.39
31211,D,D2,16,21.04,2,10+,120456,MORTGAGE,debt_consolidation,20000,0.1496,93597,0.891
47907,B,B1,8,24.23,0,01-Mar,32000,RENT,debt_consolidation,8325,0.0967,10236,0.566
1698,C,C4,12,22.69,1,04-Jun,55000,MORTGAGE,debt_consolidation,15000,0.1527,14475,0.724
168252,D,D3,9,17.99,1,10+,75000,OWN,home_improvement,24000,0.1699,14737,0.661
110245,A,A1,14,10.45,1,01-Mar,149900,MORTGAGE,debt_consolidation,24000,0.0603,13673,0.204
24142,C,C4,12,16.98,0,04-Jun,78000,RENT,debt_consolidation,1925,0.1435,11981,0.758
202894,D,D4,12,14.4,2,missing,43000,RENT,debt_consolidation,7475,0.1892,10612,0.655
23788,B,B2,17,13.37,1,10+,135000,MORTGAGE,debt_consolidation,15000,0.1075,30063,0.339
112231,A,A4,13,7.43,4,01-Mar,81204,RENT,debt_consolidation,22800,0.079,14437,0.219
135164,E,E1,4,1.88,0,07-Sep,103000,MORTGAGE,debt_consolidation,20000,0.2049,5846,0.551
147851,B,B5,7,6.29,0,10+,102000,MORTGAGE,home_improvement,10000,0.1367,8141,0.875
35970,B,B1,8,16.22,0,01-Mar,34560,MORTGAGE,debt_consolidation,10000,0.102,21626,0.64
232685,F,F2,18,9.06,2,04-Jun,250000,OWN,credit_card,35000,0.2299,104417,0.588
126252,E,E4,16,13.19,1,10+,98000,MORTGAGE,debt_consolidation,35000,0.2198,21907,0.6
221326,C,C5,7,5.53,0,01-Mar,41459,RENT,major_purchase,4875,0.1624,5516,0.849
241362,B,B5,19,8.5,1,missing,90000,MORTGAGE,home_improvement,5000,0.1153,4772,0.145
121337,B,B5,9,34.37,0,01-Mar,36000,RENT,credit_card,8000,0.1409,11996,0.882
153250,C,C3,4,10.92,2,0-1,90000,RENT,debt_consolidation,4500,0.1465,6566,0.746
52144,C,C3,6,18.67,0,10+,50000,MORTGAGE,debt_consolidation,20000,0.1561,19256,0.653
20461,F,F3,3,2.8,0,0-1,54000,RENT,debt_consolidation,3200,0.1854,1679,0.988
34025,B,B2,10,8.83,1,10+,90000,OTHER,debt_consolidation,16000,0.1126,19123,0.53
112472,B,B4,8,3.95,1,10+,58000,MORTGAGE,debt_consolidation,6000,0.1311,3990,0.314
213654,B,B5,10,16.31,1,01-Mar,39200,RENT,debt_consolidation,10000,0.1299,15045,0.875
189016,B,B4,5,11.04,1,0-1,40000,MORTGAGE,credit_card,5400,0.1167,4757,0.767
117914,B,B3,6,7.14,0,10+,51255,RENT,debt_consolidation,2800,0.1212,2533,0.724
73058,B,B1,18,6.63,2,04-Jun,1.00E+05,RENT,credit_card,8000,0.0971,9485,0.243
133413,B,B3,6,19.84,0,10+,45000,RENT,debt_consolidation,10000,0.1212,5668,0.834
84793,C,C5,10,23.52,2,01-Mar,35000,MORTGAGE,debt_consolidation,3000,0.1727,5470,0.516
237284,D,D4,12,22.19,1,07-Sep,41000,MORTGAGE,other,3000,0.1757,11749,0.461
150011,A,A2,12,26.36,1,04-Jun,60000,RENT,debt_consolidation,11875,0.0662,23288,0.427
208078,B,B3,6,4.81,2,10+,60400,OWN,credit_card,12600,0.1199,6090,0.58
42446,C,C3,23,28.8,0,10+,42000,RENT,credit_card,14800,0.1561,22700,0.444
21692,D,D5,10,20.68,0,07-Sep,144996,MORTGAGE,other,20000,0.1557,5046,0.391
149293,C,C2,11,17.66,0,04-Jun,39000,RENT,credit_card,19425,0.1465,11564,0.881
192772,C,C3,10,10.92,0,10+,85000,RENT,debt_consolidation,35000,0.1398,30276,0.632
191210,A,A4,9,17.53,5,10+,64000,MORTGAGE,credit_card,24000,0.0769,22194,0.745
196661,A,A2,15,25.41,0,10+,94000,MORTGAGE,credit_card,28000,0.0649,28551,0.466
111565,C,C2,12,9.08,1,10+,140000,RENT,debt_consolidation,35000,0.1531,2376,0.092
188723,F,F5,20,23.36,0,07-Sep,112000,RENT,moving,18300,0.2557,26488,0.525
21574,B,B5,10,14.91,0,missing,42000,MORTGAGE,debt_consolidation,3500,0.1036,159,0.614
64214,B,B2,14,18.38,0,10+,60000,OWN,debt_consolidation,16000,0.1064,21746,0.458
94680,D,D5,19,6.08,2,01-Mar,137000,RENT,debt_consolidation,21000,0.1972,6277,0.587
191065,B,B3,5,15.23,0,10+,80000,MORTGAGE,debt_consolidation,14000,0.1099,15303,0.622
196752,B,B2,17,7.85,1,0-1,85000,RENT,debt_consolidation,11000,0.1015,15185,0.334
125946,A,A5,16,25.64,0,01-Mar,30000,RENT,credit_card,6800,0.089,6164,0.752
209971,C,C3,7,11.96,1,01-Mar,60000,MORTGAGE,debt_consolidation,12275,0.1464,2686,0.53
77330,A,A5,7,21.16,0,01-Mar,95000,MORTGAGE,credit_card,16000,0.089,16324,0.833
159967,C,C3,13,4.32,2,10+,70000,OWN,debt_consolidation,9000,0.1366,12269,0.353
212080,C,C2,14,25.89,1,missing,21000,OWN,credit_card,6250,0.1416,10366,0.69
26492,A,A4,8,15.47,0,10+,48000,RENT,vacation,1000,0.0751,334,0.071
120841,D,D1,3,7.83,0,04-Jun,42000,RENT,debt_consolidation,8500,0.1777,6382,0.912
110623,A,A5,15,25.4,0,10+,86000,RENT,debt_consolidation,20000,0.089,46826,0.693
119991,C,C2,12,9.42,1,0-1,47000,RENT,debt_consolidation,11000,0.1531,10516,0.848
12620,A,A3,9,28.28,0,10+,39000,OWN,other,1000,0.0699,11064,0.598
229311,E,E3,6,14.42,0,0-1,22500,RENT,debt_consolidation,9000,0.1919,6830,0.719
6332,E,E3,9,22.77,0,01-Mar,37000,RENT,debt_consolidation,17325,0.1942,22724,0.967
230378,C,C4,14,19.62,0,01-Mar,55000,MORTGAGE,debt_consolidation,12000,0.1399,55993,0.412
222847,E,E5,15,15.3,1,missing,60000,MORTGAGE,debt_consolidation,21200,0.234,20586,0.76
206377,C,C4,7,20.93,1,07-Sep,90000,MORTGAGE,debt_consolidation,20000,0.1531,16818,0.972
223984,D,D4,13,5.69,1,10+,55000,MORTGAGE,debt_consolidation,13250,0.1922,7910,0.761
101277,C,C2,14,12.3,0,10+,64575,MORTGAGE,credit_card,28625,0.1531,32669,0.547
133616,B,B4,5,24.71,0,07-Sep,33758,RENT,debt_consolidation,4800,0.1311,11774,0.908
215364,C,C2,10,17.16,0,01-Mar,61000,MORTGAGE,credit_card,24000,0.1447,14673,0.658
245428,A,A1,9,9.04,0,04-Jun,49000,MORTGAGE,debt_consolidation,7275,0.0603,8453,0.459
221676,A,A2,7,14.75,0,01-Mar,97000,RENT,credit_card,16000,0.0662,14607,0.594
110585,D,D1,7,17.24,0,04-Jun,60000,RENT,credit_card,5000,0.1777,6248,0.919
206954,B,B4,9,24.99,1,10+,72000,MORTGAGE,debt_consolidation,20000,0.1249,10741,0.684
99045,C,C4,7,11.25,2,10+,90000,MORTGAGE,debt_consolidation,18600,0.1629,13851,0.618
49755,D,D2,9,16.18,0,07-Sep,56000,MORTGAGE,credit_card,20675,0.1855,10953,0.83
11843,B,B5,5,6.63,3,04-Jun,48000,RENT,vacation,3600,0.1199,0,0
1712,A,A1,11,6.23,2,01-Mar,2.00E+05,MORTGAGE,home_improvement,15000,0.0603,6457,0.118
176696,D,D1,19,17.17,1,10+,49000,MORTGAGE,car,3000,0.1561,1567,0.505
70548,B,B1,9,16.78,0,07-Sep,55000,RENT,debt_consolidation,12000,0.0971,11327,0.406
107949,C,C3,18,17.67,6,10+,90000,RENT,home_improvement,5000,0.158,9564,0.517
96266,D,D2,10,19.37,1,10+,35000,RENT,debt_consolidation,4375,0.1849,3852,0.875
103153,C,C1,14,18.48,0,01-Mar,75000,RENT,debt_consolidation,5000,0.1433,10768,0.81
143420,B,B3,11,21.16,0,04-Jun,26707,RENT,credit_card,8000,0.1212,8346,0.323
38709,C,C2,4,6.66,1,07-Sep,40000,RENT,debt_consolidation,15000,0.1447,7547,0.63
4965,A,A1,10,26.76,0,04-Jun,33000,MORTGAGE,major_purchase,6000,0.0603,2217,3.00E-04
17510,F,F2,17,14.77,1,01-Mar,72000,RENT,debt_consolidation,25000,0.1862,20120,0.795
51400,A,A5,9,6.54,1,10+,69000,RENT,debt_consolidation,5000,0.0925,3737,0.15
2589,C,C1,8,9.55,0,10+,98000,MORTGAGE,credit_card,8000,0.1349,14309,0.813
44206,B,B1,7,2.44,1,10+,1.00E+05,RENT,debt_consolidation,18000,0.0967,11067,0.551
44367,D,D1,12,15.92,0,01-Mar,40032,MORTGAGE,credit_card,4000,0.1776,5264,0.344
30121,C,C2,5,2.82,2,04-Jun,60000,MORTGAGE,major_purchase,6000,0.1311,4361,0.589
11421,D,D1,19,16.07,1,10+,125004,MORTGAGE,debt_consolidation,30000,0.1562,35178,0.503
232023,A,A5,12,21.01,0,04-Jun,32000,RENT,debt_consolidation,6800,0.0789,7525,0.339
73548,E,E1,19,23.33,5,07-Sep,54000,MORTGAGE,debt_consolidation,16000,0.208,26055,0.401
7684,C,C2,11,12.81,0,10+,160000,MORTGAGE,credit_card,25000,0.1349,6352,0.765
141371,E,E1,9,12.98,0,04-Jun,140000,RENT,credit_card,35000,0.1999,38570,0.859
194251,C,C5,17,33.87,0,0-1,32000,RENT,debt_consolidation,7250,0.1499,9982,0.52
7124,A,A4,17,9.05,0,10+,170000,MORTGAGE,debt_consolidation,32000,0.0749,23690,0.276
182607,B,B3,8,10.56,0,07-Sep,50000,RENT,debt_consolidation,16000,0.1099,18357,0.493
147861,A,A5,10,18.46,0,0-1,52000,RENT,debt_consolidation,5000,0.089,9722,0.892
89985,D,D1,8,17.36,0,01-Mar,28000,RENT,debt_consolidation,8000,0.1777,2653,0.632
203734,D,D5,6,26.37,0,01-Mar,40000,OWN,home_improvement,1950,0.1947,4854,0.647
92111,B,B4,10,11.76,0,04-Jun,60000,RENT,debt_consolidation,7500,0.1311,3554,0.725
227284,G,G2,11,19.18,3,10+,75000,MORTGAGE,debt_consolidation,12525,0.2731,5581,0.569
85841,B,B5,21,31.49,1,0-1,33000,RENT,credit_card,10000,0.1409,11594,0.41
182043,C,C3,16,15.69,0,10+,175000,OWN,credit_card,3000,0.1398,177439,0.76
9899,A,A5,8,12.04,1,04-Jun,60000,RENT,major_purchase,4200,0.0849,4941,0.484
167565,D,D4,9,25.78,3,01-Mar,50500,RENT,debt_consolidation,4100,0.1757,3342,0.53
234389,A,A5,16,22.77,0,04-Jun,81000,MORTGAGE,other,12000,0.0789,14808,0.242
115229,B,B5,14,17.93,1,10+,68000,MORTGAGE,debt_consolidation,20000,0.1409,16957,0.547
44849,A,A4,7,20.99,0,10+,35000,MORTGAGE,credit_card,8000,0.079,6186,0.503
211824,B,B3,13,17.08,0,10+,60000,MORTGAGE,credit_card,25900,0.1199,25394,0.281
171240,C,C1,9,25.56,0,07-Sep,67000,MORTGAGE,debt_consolidation,6275,0.1299,18376,0.802
151816,A,A3,13,16.05,0,07-Sep,45000,MORTGAGE,debt_consolidation,9000,0.0762,15481,0.431
140677,B,B4,6,6.09,2,10+,52000,MORTGAGE,vacation,1000,0.1311,16550,0.93
124020,C,C1,6,14.03,0,04-Jun,65000,RENT,debt_consolidation,7000,0.1433,10230,0.696
134588,B,B1,13,24.68,0,01-Mar,36000,RENT,debt_consolidation,14125,0.1016,15867,0.494
234938,E,E2,14,14.89,0,missing,15000,RENT,debt_consolidation,5325,0.1884,8768,0.352
78966,D,D1,9,9.9,0,01-Mar,60000,RENT,debt_consolidation,14125,0.1777,4948,0.669
163503,E,E1,15,17.04,3,10+,55000,MORTGAGE,debt_consolidation,14000,0.1899,6357,0.174
104107,C,C3,6,16.44,2,10+,33136,RENT,debt_consolidation,9200,0.158,6054,0.673
235598,C,C4,11,19,0,10+,96200,MORTGAGE,credit_card,12000,0.1399,13215,1.111
204746,A,A3,17,22.13,0,10+,48000,MORTGAGE,debt_consolidation,15000,0.0762,15526,0.132
212717,F,F3,16,34.95,0,10+,54602.61,MORTGAGE,debt_consolidation,19575,0.245,12364,0.421
247466,C,C1,6,30.5,1,04-Jun,41000,RENT,debt_consolidation,15000,0.1239,4770,0.582
127365,D,D5,4,22.36,2,04-Jun,73000,MORTGAGE,home_improvement,21850,0.1972,14967,0.792
61528,F,F1,12,18.15,2,10+,70000,MORTGAGE,credit_card,30225,0.235,23291,0.764
116285,D,D4,11,29.46,0,10+,85000,MORTGAGE,debt_consolidation,7200,0.1905,14448,0.92
229440,B,B3,6,4.26,0,10+,22000,MORTGAGE,debt_consolidation,11000,0.0999,5220,0.335
111184,A,A5,10,9,4,01-Mar,52000,MORTGAGE,debt_consolidation,5000,0.089,13272,0.461
135625,B,B3,7,16.09,0,01-Mar,38000,RENT,credit_card,10700,0.1212,10794,0.715
237059,D,D4,19,24.52,2,04-Jun,75000,MORTGAGE,credit_card,20000,0.1757,25095,0.312
101295,C,C5,11,18.96,0,01-Mar,60000,RENT,debt_consolidation,15000,0.1727,20683,0.769
201651,B,B5,14,8.96,1,missing,30000,OWN,credit_card,11325,0.1299,10911,0.494
133814,C,C3,19,29.58,1,01-Mar,36200,RENT,credit_card,10500,0.158,10459,0.626
2645,D,D4,9,19.41,3,0-1,75000,MORTGAGE,debt_consolidation,12000,0.1758,4707,0.56
183975,B,B2,16,14.24,0,01-Mar,60000,RENT,credit_card,5000,0.1015,2468,0.823
112926,B,B2,7,14.56,0,0-1,37000,MORTGAGE,debt_consolidation,5075,0.1114,3694,0.568
226640,C,C3,13,9.32,0,07-Sep,112000,MORTGAGE,moving,6000,0.1333,19803,0.676
178762,A,A3,16,16.28,1,01-Mar,170000,RENT,debt_consolidation,30000,0.0712,43100,0.288
159311,F,F4,7,25.63,0,10+,71000,MORTGAGE,other,17750,0.2499,4177,0.522
217677,B,B2,7,20.14,0,10+,65000,RENT,credit_card,10000,0.1099,6197,0.65
200344,B,B1,4,4,1,01-Mar,15000,RENT,debt_consolidation,6000,0.0967,1745,0.317
51743,D,D4,12,4.74,2,01-Mar,40000,OWN,other,2000,0.1952,773,0.176
106947,E,E3,15,26.47,2,10+,121222,MORTGAGE,debt_consolidation,30000,0.2149,79700,0.801
2369,A,A3,10,15.48,0,10+,56900,MORTGAGE,debt_consolidation,25000,0.0751,44261,0.713
156153,B,B4,24,20.32,0,01-Mar,32500,RENT,debt_consolidation,8975,0.1242,8915,0.249
87376,B,B2,7,3.52,0,01-Mar,57000,RENT,debt_consolidation,4000,0.1114,351,0.16
233006,C,C5,5,19.14,1,10+,63000,OWN,house,10000,0.1465,1642,0.382
34306,C,C4,13,21.82,0,10+,110004,MORTGAGE,debt_consolidation,16000,0.1347,64362,0.477
91345,B,B3,21,25.03,1,01-Mar,160000,OWN,credit_card,8650,0.1212,74185,0.923
175793,B,B1,13,15.32,1,01-Mar,38376,RENT,other,5000,0.0917,3692,0.249
171714,D,D2,8,19.41,1,04-Jun,40000,MORTGAGE,debt_consolidation,10000,0.1629,5748,0.467
103885,B,B1,16,32.31,1,04-Jun,65000,RENT,credit_card,13000,0.1016,12674,0.65
21160,B,B3,3,7,0,missing,12000,RENT,medical,3600,0.0962,508,0.339
60875,C,C1,12,13.07,1,0-1,102000,RENT,debt_consolidation,14000,0.1368,18471,0.736
212597,C,C3,7,21.6,1,10+,40000,MORTGAGE,debt_consolidation,7250,0.1464,14449,0.73
187613,B,B4,12,14.28,0,10+,52629.99,MORTGAGE,other,2500,0.1167,4461,0.308
229501,B,B3,8,13.24,0,10+,85000,OWN,home_improvement,20000,0.0999,7974,0.475
202508,D,D4,8,17.84,0,07-Sep,40755,RENT,debt_consolidation,17100,0.1892,3818,0.471
11281,C,C1,8,27.5,1,07-Sep,69567,MORTGAGE,debt_consolidation,13200,0.1299,1795,0.78
174067,D,D1,11,16.63,1,04-Jun,85000,RENT,debt_consolidation,6700,0.1561,6187,0.69
174383,A,A5,9,15.47,0,01-Mar,55000,RENT,debt_consolidation,4100,0.0839,3600,0.177
211823,B,B2,10,21.61,0,04-Jun,48750,MORTGAGE,credit_card,15000,0.1099,18361,0.768
175299,D,D4,15,17.68,1,10+,90000,MORTGAGE,credit_card,35000,0.1757,38595,0.467
140339,B,B2,15,20.47,1,04-Jun,50000,MORTGAGE,home_improvement,6000,0.1074,1036,0.357
119559,B,B5,8,15.16,2,10+,42021.29,MORTGAGE,debt_consolidation,12800,0.1409,14669,0.424
162454,C,C4,16,37.42,1,10+,78000,MORTGAGE,other,5000,0.1431,21504,0.731
52854,B,B4,14,20.45,0,10+,140000,MORTGAGE,debt_consolidation,18000,0.1299,19961,0.777
103206,D,D3,5,6.88,1,10+,175000,RENT,small_business,6850,0.1875,19038,0.915
15351,C,C1,5,5.04,1,01-Mar,45000,RENT,debt_consolidation,5000,0.1268,2848,0.527
104653,C,C5,8,17.79,1,01-Mar,28000,RENT,home_improvement,2500,0.1727,2462,0.432
194091,D,D1,9,8.11,1,missing,43800,RENT,credit_card,15625,0.1561,12530,0.547
232009,B,B5,13,5.74,0,10+,92000,MORTGAGE,moving,12000,0.1153,4346,0.197
77668,A,A4,14,7.52,0,10+,135000,MORTGAGE,credit_card,23000,0.079,34061,0.499
26206,C,C2,16,10.74,0,04-Jun,83000,MORTGAGE,credit_card,23000,0.1361,23779,0.729
122218,D,D1,7,15.99,3,04-Jun,84000,RENT,other,22050,0.1777,5687,0.677
9133,A,A4,5,27.18,2,01-Mar,26000,OWN,debt_consolidation,7100,0.0749,15898,0.253
95948,C,C3,7,20.25,2,0-1,32000,MORTGAGE,debt_consolidation,9000,0.158,8426,0.906
81204,G,G5,6,6.46,3,missing,70000,RENT,debt_consolidation,19200,0.2489,17206,0.896
219402,C,C4,13,23.38,1,07-Sep,75000,MORTGAGE,debt_consolidation,20000,0.1561,30821,0.71
6162,D,D5,10,20.73,0,04-Jun,39996,RENT,debt_consolidation,10000,0.1825,7403,0.892
72086,B,B2,13,14.37,0,07-Sep,74549,MORTGAGE,debt_consolidation,21000,0.1064,11786,0.55
155573,A,A2,7,11.37,0,0-1,44000,RENT,debt_consolidation,10000,0.0662,7958,0.506
248220,E,E1,5,17.46,0,01-Mar,53884,RENT,debt_consolidation,15000,0.1854,4619,0.733
72993,B,B3,12,9.52,0,01-Mar,165000,MORTGAGE,major_purchase,10000,0.1155,26333,0.761
60383,C,C4,8,11.15,1,04-Jun,75000,RENT,debt_consolidation,10000,0.1588,7126,0.536
195198,C,C5,11,13.36,0,10+,45000,OWN,debt_consolidation,19750,0.1499,19918,0.547
78382,A,A2,11,20.76,0,01-Mar,30000,RENT,debt_consolidation,10375,0.0662,10522,0.499
230638,C,C1,9,10.62,0,10+,65000,RENT,major_purchase,4500,0.1229,4602,0.231
14581,B,B4,22,24.93,0,01-Mar,96000,MORTGAGE,car,4200,0.1074,91053,0.612
138107,C,C1,14,14.17,0,01-Mar,60000,RENT,debt_consolidation,6000,0.1433,3327,0.443
26049,A,A3,7,10.25,0,01-Mar,70000,MORTGAGE,moving,9800,0.0714,16820,0.672
224541,C,C4,17,13.86,0,10+,86000,MORTGAGE,credit_card,30000,0.1367,23822,0.565
184699,C,C5,17,25.23,0,01-Mar,54000,MORTGAGE,debt_consolidation,15000,0.1499,14278,0.621
9955,E,E1,14,21.26,0,missing,39120,OWN,home_improvement,18825,0.1799,13256,0.265
209605,C,C2,9,6.29,1,07-Sep,29000,MORTGAGE,debt_consolidation,6800,0.1416,5104,0.129
62020,D,D4,13,23.7,0,07-Sep,67000,MORTGAGE,credit_card,25000,0.1952,13834,0.581
62661,C,C3,5,4.41,1,10+,40000,MORTGAGE,debt_consolidation,12000,0.1522,4902,0.485
80905,B,B1,5,6.42,0,01-Mar,34000,RENT,debt_consolidation,11500,0.1016,10808,0.587
109075,E,E1,12,16.63,2,10+,65000,MORTGAGE,debt_consolidation,29175,0.2049,18423,0.703
56511,A,A5,9,12.93,0,10+,110000,MORTGAGE,debt_consolidation,21000,0.0925,28400,0.282
20007,A,A3,11,14.98,2,07-Sep,82729.68,OWN,debt_consolidation,4800,0.0617,10480,0.239
50991,C,C2,10,8.25,0,01-Mar,40000,RENT,credit_card,12000,0.151,12650,0.602
218801,C,C3,3,7.7,0,missing,19800,OWN,debt_consolidation,7000,0.1498,3531,0.598
48421,C,C1,13,30.5,1,0-1,32000,MORTGAGE,debt_consolidation,9000,0.143,6108,0.427
223033,C,C3,12,14.74,2,10+,70000,MORTGAGE,debt_consolidation,7250,0.1498,6738,0.449
61159,B,B3,12,12.75,0,01-Mar,96000,MORTGAGE,debt_consolidation,16950,0.1155,6802,0.68
172566,A,A5,7,4.82,0,01-Mar,150000,RENT,debt_consolidation,16000,0.0839,20746,0.965
238379,C,C2,14,17.12,0,10+,60000,RENT,debt_consolidation,11200,0.1269,16201,0.591
106188,B,B5,9,5.83,3,04-Jun,132500,MORTGAGE,debt_consolidation,20000,0.1409,3691,0.221
204986,B,B3,8,16.73,1,07-Sep,51000,MORTGAGE,debt_consolidation,9000,0.1199,10264,0.662
138965,C,C2,12,23.7,2,0-1,24000,OWN,house,8000,0.1465,18351,0.491
39933,A,A5,15,30.2,0,01-Mar,42000,RENT,debt_consolidation,5000,0.089,10468,0.339
88878,D,D1,12,23.05,0,10+,68000,MORTGAGE,credit_card,15000,0.1777,15717,0.919
106230,B,B4,21,18.03,1,10+,145000,MORTGAGE,debt_consolidation,30000,0.1311,34487,0.505
105635,A,A2,9,9.88,0,07-Sep,70000,MORTGAGE,credit_card,8500,0.0662,11150,0.526
184080,C,C5,13,20.97,2,07-Sep,61000,MORTGAGE,debt_consolidation,12000,0.1499,17265,0.754
133984,B,B5,8,22.7,1,0-1,97000,RENT,debt_consolidation,7000,0.1409,8487,0.577
19523,B,B1,5,7.32,0,04-Jun,50000,MORTGAGE,debt_consolidation,5150,0.0888,4899,0.68
225236,B,B5,10,4.09,0,10+,120000,MORTGAGE,debt_consolidation,5000,0.1153,25143,0.867
113214,A,A3,12,15.84,0,01-Mar,1.00E+05,MORTGAGE,major_purchase,4000,0.0762,8065,0.208
30601,C,C2,5,24.23,1,01-Mar,72000,RENT,debt_consolidation,7500,0.1322,3290,0.506
61412,F,F2,7,19.75,2,04-Jun,52000,RENT,debt_consolidation,22950,0.2408,9702,0.522
96496,D,D5,8,18.81,1,10+,84000,MORTGAGE,debt_consolidation,24250,0.1972,20996,0.944
244360,C,C3,6,14.87,0,10+,67000,MORTGAGE,debt_consolidation,28000,0.1366,5995,0.759
187666,D,D2,8,29.28,1,07-Sep,38000,MORTGAGE,debt_consolidation,10225,0.1629,5081,0.807
125708,A,A2,8,4.9,0,07-Sep,34800,RENT,other,10000,0.0662,2589,0.104
229505,C,C5,14,26.73,0,07-Sep,89000,MORTGAGE,credit_card,14000,0.1465,34659,0.808
158641,B,B2,8,20.54,0,10+,57000,MORTGAGE,other,10500,0.0949,33171,0.461
10723,A,A1,11,3.57,0,10+,140004,MORTGAGE,credit_card,9800,0.0542,6613,0.068
52539,C,C2,6,13.07,0,missing,16654,MORTGAGE,other,4450,0.151,4343,0.161
104489,F,F1,7,6.67,3,01-Mar,54160,MORTGAGE,debt_consolidation,21600,0.2295,14573,0.44
111021,B,B4,20,26.58,3,01-Mar,61000,MORTGAGE,debt_consolidation,20125,0.1311,10715,0.29
237216,A,A5,10,19.32,0,01-Mar,96000,MORTGAGE,home_improvement,7500,0.0789,9041,0.837
246150,E,E4,7,20.16,4,01-Mar,65000,RENT,debt_consolidation,29250,0.2099,2921,0.21
111921,D,D1,7,11.13,2,10+,50000,RENT,house,4450,0.1777,8901,0.669
149908,D,D3,19,22.45,0,10+,60945,MORTGAGE,debt_consolidation,15000,0.1825,13205,0.443
60409,B,B3,8,18.12,0,01-Mar,98325,RENT,debt_consolidation,14000,0.1155,34544,0.709
23040,B,B2,3,18.24,0,missing,24468,OWN,other,5000,0.1075,5423,0.313
210263,D,D4,13,19.89,1,04-Jun,35000,MORTGAGE,credit_card,7000,0.1892,9431,0.382
32536,C,C4,7,13.99,0,10+,90000,MORTGAGE,home_improvement,12000,0.1392,21648,0.869
211334,C,C3,11,29.35,2,04-Jun,66000,RENT,other,8000,0.1464,15241,0.531
52887,B,B4,16,25.98,0,01-Mar,51000,MORTGAGE,debt_consolidation,6000,0.1299,5688,0.444
91461,E,E2,6,25.41,3,10+,35000,RENT,medical,7675,0.21,10799,0.76
198678,C,C2,8,10.52,1,10+,80000,MORTGAGE,debt_consolidation,13000,0.1416,6578,0.692
204967,D,D3,5,13.01,1,01-Mar,63000,MORTGAGE,home_improvement,12000,0.1825,4824,0.524
199906,B,B4,10,16.38,1,04-Jun,66819,RENT,debt_consolidation,10000,0.1249,10201,0.408
61540,G,G3,10,15.1,1,10+,1.00E+05,MORTGAGE,small_business,30000,0.2589,8263,0.751
101800,B,B1,12,25.96,0,04-Jun,55000,RENT,debt_consolidation,16000,0.1016,18106,0.552
239904,A,A4,10,6.94,0,04-Jun,57224,MORTGAGE,home_improvement,2000,0.0692,4297,0.716
137909,D,D5,12,25.2,1,04-Jun,60000,MORTGAGE,debt_consolidation,23500,0.1972,9610,0.739
154068,A,A5,17,10.98,1,01-Mar,40000,RENT,credit_card,6000,0.089,13428,0.537
25645,F,F3,4,9.45,0,01-Mar,24000,RENT,other,4000,0.1904,2669,0.763
24038,A,A5,4,0.4,1,01-Mar,30000,MORTGAGE,credit_card,8000,0.0788,19,0.003
229261,E,E2,10,36.72,1,10+,40000,MORTGAGE,debt_consolidation,4400,0.1855,38987,0.794
3376,C,C1,12,13.02,2,07-Sep,65000,MORTGAGE,home_improvement,10000,0.1349,7811,0.381
138676,B,B2,8,15.16,1,01-Mar,52000,RENT,moving,6000,0.1114,4000,0.533
153922,A,A3,8,19.92,0,01-Mar,70000,RENT,credit_card,9000,0.0751,36182,0.466
123590,C,C1,5,23.43,0,10+,82000,RENT,credit_card,26000,0.1433,8779,0.813
28728,B,B3,10,12.35,0,04-Jun,86000,RENT,debt_consolidation,13000,0.1062,9871,0.456
226779,B,B1,19,26.86,0,0-1,50000,RENT,credit_card,23000,0.0818,23011,0.652
98048,C,C3,10,6.1,0,10+,70000,MORTGAGE,debt_consolidation,16000,0.158,12568,0.669
127331,B,B3,8,17.22,1,10+,40000,OWN,debt_consolidation,6350,0.1212,442,0.038
35690,C,C1,12,14.42,0,0-1,50000,MORTGAGE,credit_card,5600,0.1253,10460,0.429
26951,D,D4,7,16.43,0,04-Jun,51996,RENT,debt_consolidation,16000,0.1595,2644,0.482
2351,B,B3,17,15.56,0,0-1,60000,RENT,debt_consolidation,15000,0.1171,10747,0.565
9203,A,A2,11,6.27,0,missing,104676,MORTGAGE,debt_consolidation,16000,0.0599,6703,0.151
204645,A,A1,18,11.09,1,0-1,87000,MORTGAGE,credit_card,5000,0.0603,4519,0.082
131545,B,B1,10,20.63,1,04-Jun,42090,RENT,credit_card,16750,0.1016,18511,0.577
229887,A,A5,6,19.65,0,01-Mar,40000,RENT,credit_card,8500,0.0789,10043,0.803
237367,C,C3,11,20.92,0,07-Sep,78000,MORTGAGE,debt_consolidation,20000,0.1333,8158,0.722
235058,E,E2,5,2.7,2,10+,245000,OWN,debt_consolidation,21000,0.1884,6608,0.72
212292,F,F2,9,14.59,3,0-1,84000,MORTGAGE,house,5000,0.2408,8056,0.534
95694,F,F2,6,28.24,0,07-Sep,49000,OWN,debt_consolidation,3000,0.2328,1040,0.274
223280,C,C3,15,14.82,2,01-Mar,83500,MORTGAGE,debt_consolidation,2275,0.1498,8635,0.909
211582,E,E3,5,15.03,1,10+,50000,RENT,debt_consolidation,22000,0.2118,11533,0.79
11494,B,B4,6,22.04,2,10+,71000,MORTGAGE,debt_consolidation,6000,0.1149,11062,0.858
193059,B,B4,10,17.19,1,04-Jun,125000,MORTGAGE,home_improvement,8450,0.1167,3393,0.381
56717,E,E5,14,20.89,1,10+,85000,MORTGAGE,debt_consolidation,35000,0.234,21715,0.564
213933,D,D5,11,26.39,0,01-Mar,44525,MORTGAGE,debt_consolidation,15125,0.1947,11196,0.636
112795,C,C3,8,18.55,1,10+,85000,MORTGAGE,credit_card,16800,0.158,31578,0.806
244620,C,C1,9,12.97,0,01-Mar,120000,RENT,other,33000,0.1239,16000,0.714
149172,B,B3,10,7.13,3,01-Mar,70000,MORTGAGE,debt_consolidation,9600,0.1212,9092,0.486
9068,B,B3,11,19.31,0,10+,38400,RENT,debt_consolidation,8500,0.1099,9992,0.386
187603,A,A1,16,11.54,1,04-Jun,160000,MORTGAGE,debt_consolidation,24000,0.0603,14061,0.332
246831,C,C4,6,13.75,0,10+,70000,MORTGAGE,debt_consolidation,20000,0.1431,13047,0.888
49948,B,B1,10,29.5,0,01-Mar,63000,MORTGAGE,credit_card,12000,0.0967,11311,0.959
132763,B,B3,9,29.53,0,01-Mar,36000,RENT,debt_consolidation,9000,0.1212,9752,0.613
123495,A,A5,14,21.4,1,01-Mar,60000,RENT,credit_card,7200,0.089,15147,0.478
112914,A,A3,15,25.62,0,07-Sep,86000,MORTGAGE,credit_card,15325,0.0762,15337,0.342
59077,B,B2,14,8.88,1,10+,50000,MORTGAGE,major_purchase,4000,0.1099,17240,0.316
170473,D,D2,12,4.24,1,10+,58000,RENT,debt_consolidation,3000,0.1629,6019,0.208
139077,D,D1,18,21.84,0,10+,35000,MORTGAGE,credit_card,10000,0.1727,21245,0.605
46007,C,C3,6,14.75,0,01-Mar,35000,RENT,other,3625,0.1561,6359,0.723
38535,B,B5,7,9.81,1,10+,73784,RENT,debt_consolidation,20000,0.1353,9721,0.661
164557,E,E3,20,25.78,3,01-Mar,75500,MORTGAGE,debt_consolidation,14000,0.202,16077,0.578
107592,A,A4,3,5.34,0,10+,89000,MORTGAGE,major_purchase,2175,0.079,0,0.56
168700,C,C2,8,11.44,0,10+,47000,RENT,debt_consolidation,10000,0.1335,5923,0.759
123003,A,A5,7,16.2,0,01-Mar,20000,RENT,debt_consolidation,6000,0.089,4297,0.425
242790,F,F5,3,16.56,0,01-Mar,45000,MORTGAGE,moving,14400,0.2557,3931,0.983
40004,D,D1,13,30.5,0,10+,61000,RENT,debt_consolidation,20000,0.1699,26445,0.76
189929,A,A4,8,10.84,1,10+,123500,MORTGAGE,debt_consolidation,19000,0.0769,5465,0.759
248253,B,B5,6,5.81,1,07-Sep,44000,RENT,credit_card,5000,0.1199,5273,0.743
183294,B,B4,5,26.46,1,07-Sep,48000,MORTGAGE,debt_consolidation,10725,0.1167,13985,0.891
126698,B,B4,12,24.88,3,04-Jun,60000,MORTGAGE,wedding,9000,0.1311,4621,0.294
220527,A,A2,14,11.22,3,10+,85000,MORTGAGE,credit_card,8700,0.0662,10712,0.288
180048,C,C1,16,28.11,1,04-Jun,63000,RENT,debt_consolidation,10000,0.1299,9628,0.465
88543,C,C4,6,10.34,0,01-Mar,76000,MORTGAGE,debt_consolidation,15000,0.1629,5172,0.631
182041,D,D5,15,11.15,0,01-Mar,35000,RENT,debt_consolidation,12150,0.1824,5318,0.548
85778,A,A4,9,11.5,0,04-Jun,75000,MORTGAGE,home_improvement,12000,0.079,3254,0.383
177523,C,C5,10,28.19,2,0-1,75000,RENT,debt_consolidation,16000,0.1499,9340,0.531
79254,A,A5,10,6.28,2,10+,91000,MORTGAGE,debt_consolidation,20000,0.089,28108,0.557
89623,D,D1,8,19.13,2,0-1,35000,RENT,debt_consolidation,9600,0.1777,5449,0.413
235134,C,C2,20,17.54,2,07-Sep,76850,MORTGAGE,debt_consolidation,5000,0.1269,5668,0.315
132350,A,A2,12,2.95,0,04-Jun,1.00E+05,MORTGAGE,debt_consolidation,4800,0.0662,9838,0.261
244296,C,C4,15,33.08,2,01-Mar,110000,RENT,debt_consolidation,21000,0.1431,18871,0.667
216350,B,B1,7,13.71,0,10+,67585,RENT,debt_consolidation,15000,0.0967,16732,0.854
173294,B,B5,14,13.64,1,01-Mar,58000,RENT,moving,4000,0.1249,12547,0.589
78323,B,B1,8,24.57,0,04-Jun,37000,RENT,debt_consolidation,15000,0.1016,15507,0.505
191905,E,E1,16,17.19,0,07-Sep,140000,RENT,credit_card,17500,0.1899,80236,0.948
57164,C,C5,13,23.96,2,01-Mar,93500,RENT,debt_consolidation,16000,0.171,24686,0.595
238245,A,A4,15,7.45,0,10+,150000,MORTGAGE,other,4000,0.0692,5310,0.282
73985,B,B2,16,22.99,1,07-Sep,69000,RENT,debt_consolidation,18000,0.1064,5497,0.316
41170,A,A3,20,12.37,0,missing,133000,MORTGAGE,credit_card,18000,0.0762,104593,0.632
45557,A,A3,15,23.56,1,07-Sep,90000,MORTGAGE,debt_consolidation,8000,0.0762,1484,0.081
23944,C,C1,4,20.08,0,04-Jun,30000,RENT,other,6000,0.1323,1394,0.536
48135,A,A5,11,16,0,04-Jun,42000,RENT,credit_card,15000,0.089,13295,0.613
101833,B,B5,8,15.19,1,04-Jun,44000,MORTGAGE,debt_consolidation,10500,0.1409,7935,0.69
7742,A,A4,10,17.58,1,07-Sep,75000,RENT,debt_consolidation,5000,0.0749,630,0.022
67129,F,F2,6,16,2,01-Mar,30000,RENT,debt_consolidation,10000,0.2408,7263,0.908
152303,C,C5,8,12.43,1,04-Jun,48000,RENT,credit_card,6000,0.1629,12948,0.594
54611,C,C1,12,14.78,0,missing,18468,RENT,credit_card,5500,0.143,5950,0.336
13991,B,B2,4,3.83,0,07-Sep,48000,MORTGAGE,major_purchase,8000,0.1059,0,0
82167,F,F2,9,14.6,2,10+,90000,MORTGAGE,home_improvement,15550,0.2328,10266,0.828
60847,C,C4,8,20.06,0,0-1,56000,RENT,debt_consolidation,24925,0.1588,20609,0.739
62446,B,B2,11,25.18,1,07-Sep,60000,MORTGAGE,debt_consolidation,14400,0.1064,9102,0.306
125606,C,C4,12,14.9,1,07-Sep,77000,MORTGAGE,debt_consolidation,9600,0.1629,4190,0.676
157480,B,B4,12,18.06,1,10+,198000,OWN,debt_consolidation,19800,0.1144,20527,0.802
125094,B,B4,9,10.99,0,07-Sep,102000,MORTGAGE,debt_consolidation,15000,0.1311,17221,0.724
180672,B,B5,8,14.21,1,missing,117000,MORTGAGE,other,4000,0.1249,2417,0.504
233415,A,A5,21,30.46,2,10+,95000,MORTGAGE,debt_consolidation,24000,0.0789,62059,0.505
231211,B,B4,5,0.12,1,missing,1.00E+05,MORTGAGE,home_improvement,16000,0.1099,174,0.028
73228,D,D5,8,10.31,0,04-Jun,85000,RENT,debt_consolidation,26000,0.2031,26576,0.88
242006,E,E1,10,3.53,0,missing,48000,OWN,small_business,10425,0.1825,2635,0.16
114329,A,A4,7,12.87,2,01-Mar,70000,RENT,debt_consolidation,9000,0.079,8427,0.554
51284,A,A2,15,14.63,3,01-Mar,79248,MORTGAGE,debt_consolidation,12000,0.0697,8040,0.077
187471,C,C4,7,15.16,0,10+,81000,RENT,debt_consolidation,24000,0.1449,13026,0.712
143604,C,C1,14,7.76,0,0-1,147000,RENT,other,15000,0.1399,26758,0.496
59195,B,B4,23,34.44,1,04-Jun,70000,RENT,debt_consolidation,16800,0.1299,17509,0.408
231299,C,C3,7,34.65,0,07-Sep,62000,RENT,debt_consolidation,21000,0.1333,12477,0.924
203284,C,C3,20,16.07,5,04-Jun,61000,MORTGAGE,debt_consolidation,9000,0.1464,819,0.021
207335,D,D4,12,19.36,2,10+,38000,RENT,debt_consolidation,10000,0.1892,19104,0.659
132305,D,D5,17,21.75,1,10+,170000,MORTGAGE,debt_consolidation,19200,0.1972,6696,0.676
240893,C,C1,18,23.33,0,04-Jun,36000,RENT,debt_consolidation,7200,0.1229,1181,0.057
81418,B,B4,12,26.35,0,01-Mar,46400,MORTGAGE,debt_consolidation,7800,0.1311,3728,0.285
109905,A,A1,7,3.44,0,10+,84000,MORTGAGE,car,18000,0.0603,15864,0.436
167095,B,B3,8,17.97,0,07-Sep,46000,RENT,vacation,12000,0.1099,7386,0.323
231314,E,E3,10,21.27,2,0-1,40000,MORTGAGE,debt_consolidation,11000,0.1919,5381,0.277
234158,B,B2,11,10.91,1,10+,55000,OWN,debt_consolidation,8800,0.0917,4854,0.317
16258,A,A4,9,7.39,0,01-Mar,28596,MORTGAGE,other,2000,0.0729,154,0.023
141020,B,B5,13,27.06,3,04-Jun,37000,RENT,debt_consolidation,10000,0.1367,12587,0.801
154141,B,B2,9,22.27,0,10+,124000,MORTGAGE,debt_consolidation,25000,0.1065,28541,0.395
70215,A,A1,10,13.82,0,04-Jun,78000,RENT,debt_consolidation,6000,0.0603,4695,0.091
145642,C,C2,14,16.71,2,0-1,52000,MORTGAGE,debt_consolidation,12000,0.1465,14632,0.518
67909,C,C3,10,25.49,0,10+,45000,MORTGAGE,credit_card,10000,0.1522,11120,0.927
224960,C,C2,13,22.64,1,10+,50000,MORTGAGE,debt_consolidation,4875,0.1269,7356,0.5
202911,C,C4,10,7.42,0,10+,66000,RENT,debt_consolidation,22000,0.1531,13461,0.765
42156,B,B4,6,19.71,1,10+,85000,RENT,debt_consolidation,28000,0.1299,22872,0.472
210461,B,B1,10,12.27,3,10+,63000,MORTGAGE,credit_card,10000,0.0967,8905,0.318
222660,B,B1,11,13.8,0,04-Jun,72000,RENT,debt_consolidation,15500,0.0967,7485,0.374
145020,C,C2,14,23.26,0,10+,57000,MORTGAGE,debt_consolidation,17000,0.1465,24758,0.823
206543,D,D2,21,28.38,1,04-Jun,40000,MORTGAGE,home_improvement,7975,0.1757,6526,0.42
100762,C,C1,19,21.21,1,10+,73000,MORTGAGE,debt_consolidation,12000,0.1433,20898,0.635
247238,D,D4,4,15.93,1,07-Sep,55000,MORTGAGE,other,16500,0.1714,9697,1
243199,F,F2,14,25.13,2,10+,72000,RENT,debt_consolidation,23725,0.2399,9243,0.61
9257,B,B4,9,15.86,0,01-Mar,26400,RENT,small_business,9000,0.1149,12689,0.345
6886,A,A5,9,9.19,0,01-Mar,1.00E+05,RENT,moving,10000,0.0849,25634,0.733
54724,C,C4,17,20.16,2,01-Mar,80000,RENT,debt_consolidation,12000,0.162,19630,0.93
98120,B,B2,7,19.71,3,07-Sep,80000,RENT,debt_consolidation,15000,0.1114,6916,0.699
64484,D,D5,9,23.38,0,01-Mar,31000,RENT,debt_consolidation,10000,0.2031,14125,0.798
177846,C,C5,9,10.99,0,04-Jun,63000,RENT,debt_consolidation,6400,0.1499,17003,0.739
18332,A,A4,4,7.29,0,01-Mar,32769,RENT,credit_card,7000,0.0729,6831,0.495
152296,A,A4,11,10.78,0,01-Mar,23040,MORTGAGE,wedding,2400,0.079,328,0.027
210510,D,D4,13,15.38,3,10+,60000,RENT,credit_card,6000,0.1892,8019,0.722
125866,B,B3,6,26.7,0,04-Jun,70000,RENT,debt_consolidation,10800,0.1212,27585,0.893
134115,B,B5,14,22.43,1,07-Sep,52000,MORTGAGE,credit_card,8000,0.1409,9139,0.469
54588,E,E1,8,22.16,6,07-Sep,45000,RENT,vacation,8800,0.21,8339,0.477
99138,D,D5,12,12.66,0,01-Mar,78000,RENT,debt_consolidation,20000,0.1972,16741,0.726
135645,C,C1,9,18.08,0,10+,101300,MORTGAGE,debt_consolidation,25900,0.1433,23646,0.946
127585,B,B2,8,7.12,3,0-1,225000,MORTGAGE,other,11625,0.1114,12278,0.633
98752,C,C3,10,6.79,0,missing,55000,MORTGAGE,other,10000,0.158,9576,0.622
22075,D,D2,9,22.16,2,10+,63450,RENT,credit_card,6000,0.1446,24321,0.961
109814,F,F5,8,23.6,0,01-Mar,28000,RENT,other,1500,0.2383,5355,0.325
53857,A,A4,7,12.45,0,07-Sep,95000,RENT,debt_consolidation,28000,0.086,14333,0.398
68322,C,C2,12,16.36,2,10+,56500,MORTGAGE,debt_consolidation,12000,0.1433,12656,0.523
140820,D,D5,8,24.24,3,04-Jun,51000,RENT,debt_consolidation,25475,0.1922,15283,0.688
78485,E,E4,14,17.46,1,04-Jun,102000,MORTGAGE,debt_consolidation,25000,0.2198,10233,0.799
232316,C,C2,21,19.48,2,01-Mar,80000,OWN,debt_consolidation,11000,0.1269,20834,0.356
57156,E,E2,8,8.72,1,10+,134000,OWN,debt_consolidation,32000,0.217,13925,0.844
110741,C,C3,6,27.64,1,04-Jun,32000,RENT,debt_consolidation,8000,0.158,2919,0.365
120813,C,C3,7,28.5,1,07-Sep,60000,RENT,debt_consolidation,20000,0.158,6857,0.771
239764,A,A4,12,19.37,1,10+,114000,MORTGAGE,debt_consolidation,10000,0.0692,28348,0.56
60435,C,C4,15,14.75,1,07-Sep,120000,MORTGAGE,debt_consolidation,12000,0.1588,17527,0.596
17209,A,A1,13,12.65,0,10+,1.00E+05,MORTGAGE,credit_card,4500,0.0542,14780,0.316
148215,A,A4,8,19.93,2,missing,34500,MORTGAGE,debt_consolidation,15000,0.079,26715,0.706
189347,D,D3,21,34.89,2,0-1,35360,RENT,debt_consolidation,1200,0.1699,25059,0.801
49138,D,D2,13,25.46,2,01-Mar,29000,OWN,debt_consolidation,9750,0.1855,8392,0.922
202089,A,A5,9,16.06,1,0-1,60000,OWN,debt_consolidation,10000,0.089,6535,0.247
1660,D,D5,8,10.07,2,10+,59800.55,MORTGAGE,credit_card,18200,0.1825,9345,0.857
138532,A,A4,7,18.57,0,04-Jun,148500,RENT,credit_card,15400,0.079,22952,0.791
47247,D,D1,8,15.8,1,04-Jun,80000,RENT,debt_consolidation,20000,0.1776,17822,0.619
175116,E,E2,6,10.78,1,10+,52000,RENT,debt_consolidation,15000,0.1952,16153,0.485
187267,D,D2,22,14.86,0,01-Mar,150000,MORTGAGE,small_business,20000,0.1629,5896,0.15
73030,C,C3,9,6.35,1,04-Jun,81600,RENT,debt_consolidation,11625,0.1522,4884,0.47
38296,A,A4,19,19.06,0,0-1,73000,MORTGAGE,debt_consolidation,17000,0.079,15913,0.71
173010,E,E5,10,20.33,0,10+,1.00E+05,MORTGAGE,home_improvement,35000,0.2215,1987,0.203
46401,B,B4,10,16.92,0,10+,30000,RENT,debt_consolidation,4400,0.1299,8227,0.392
228007,A,A2,11,23.56,0,missing,30000,OWN,credit_card,11300,0.0624,11363,0.419
170009,B,B2,9,17.12,1,04-Jun,34000,MORTGAGE,credit_card,10000,0.1015,4441,0.296
114654,B,B5,14,33.69,3,01-Mar,65000,MORTGAGE,debt_consolidation,8450,0.1409,4538,0.488
236592,D,D3,24,19.2,2,07-Sep,55000,RENT,vacation,4000,0.1699,9729,0.255
115881,B,B4,5,16.08,3,04-Jun,25000,RENT,debt_consolidation,8325,0.1311,11718,0.814
6381,B,B1,9,18.7,2,07-Sep,69000,MORTGAGE,car,4000,0.0991,4540,0.605
118007,F,F5,22,20.9,2,07-Sep,144839,MORTGAGE,credit_card,30000,0.2383,37046,0.919
164478,B,B5,14,29.89,1,10+,109000,MORTGAGE,home_improvement,19200,0.1249,31392,0.929
9756,G,G1,2,7.08,0,01-Mar,28800,RENT,moving,14125,0.2211,9733,0.861
81937,A,A3,4,5.65,0,10+,43770,MORTGAGE,credit_card,10500,0.0762,10250,0.418
84959,D,D2,8,28.37,0,04-Jun,40000,RENT,debt_consolidation,8575,0.1849,10400,0.776
226804,C,C2,9,13.49,0,01-Mar,155000,RENT,credit_card,35000,0.1269,24105,0.421
174921,F,F5,13,6.52,3,10+,92000,MORTGAGE,medical,19875,0.2557,5088,0.207
21817,A,A4,9,24.17,0,10+,87960,MORTGAGE,debt_consolidation,14000,0.0654,19866,0.609
38356,D,D1,5,8.42,0,07-Sep,77000,RENT,debt_consolidation,31825,0.1699,4930,0.865
236064,C,C3,21,2.64,1,01-Mar,138000,OWN,home_improvement,28000,0.1333,124817,0.027
94394,B,B3,10,24.72,2,10+,80000,MORTGAGE,credit_card,15000,0.1212,23238,0.64
133148,F,F5,13,21.75,1,10+,73396,MORTGAGE,debt_consolidation,29175,0.2383,19036,0.602
161714,B,B2,10,26.87,1,10+,62000,RENT,debt_consolidation,20000,0.0949,6616,0.141
206363,D,D2,12,19.53,2,01-Mar,55000,RENT,debt_consolidation,12000,0.1757,10538,0.425
176962,D,D4,14,21.52,1,07-Sep,69811,MORTGAGE,home_improvement,4000,0.1757,17698,0.648
4861,D,D3,6,2.42,0,01-Mar,66500,RENT,major_purchase,8150,0.1727,6039,0.71
156370,C,C1,12,11.7,0,01-Mar,36000,RENT,credit_card,1200,0.1349,3993,0.512
228886,C,C3,14,10.18,0,04-Jun,80000,MORTGAGE,debt_consolidation,20000,0.1333,20368,0.288
215771,C,C2,9,16.62,0,04-Jun,67000,RENT,debt_consolidation,15000,0.1447,15984,0.73
123220,E,E4,12,14.72,3,10+,60000,RENT,debt_consolidation,23850,0.2198,17941,0.92
204281,D,D3,20,23.43,1,04-Jun,95382,MORTGAGE,debt_consolidation,5500,0.1825,23740,0.766
167548,A,A2,14,12.78,1,10+,94000,OWN,credit_card,24000,0.0649,32109,0.371
6279,A,A5,13,5.75,0,07-Sep,151000,MORTGAGE,debt_consolidation,35000,0.089,11510,0.136
80605,D,D3,11,32.34,2,04-Jun,60000,MORTGAGE,other,13700,0.1875,5900,0.279
118132,A,A4,12,20.31,0,04-Jun,27000,RENT,debt_consolidation,6000,0.079,7252,0.378
24360,C,C3,10,11.35,0,01-Mar,70000,RENT,debt_consolidation,10000,0.1398,16676,0.855
174869,B,B2,9,4.51,0,01-Mar,50000,MORTGAGE,debt_consolidation,9600,0.1015,7465,0.22
155405,A,A4,5,4.91,0,10+,78000,MORTGAGE,debt_consolidation,15000,0.079,23185,0.84
242807,C,C2,9,9.9,0,04-Jun,103000,RENT,debt_consolidation,3200,0.1299,3533,0.411
130663,A,A5,13,26.33,0,10+,113631,MORTGAGE,credit_card,35000,0.089,84642,0.82
166759,B,B3,6,14.95,1,07-Sep,50000,MORTGAGE,debt_consolidation,10000,0.1099,7841,0.379
111412,D,D3,5,5.17,0,10+,35000,RENT,other,5375,0.1875,5485,0.623
89678,C,C1,6,8.65,0,0-1,50000,RENT,debt_consolidation,16000,0.1433,13962,0.515
56756,D,D2,9,30.84,1,10+,60000,MORTGAGE,debt_consolidation,26375,0.1855,17210,0.865
204086,B,B2,21,12.44,2,04-Jun,275000,MORTGAGE,other,35000,0.1099,34945,0.202
74521,B,B3,9,16.09,1,04-Jun,105000,MORTGAGE,debt_consolidation,16000,0.1155,38175,0.86
78945,A,A1,9,12.97,0,01-Mar,68000,RENT,debt_consolidation,15375,0.0603,430,0.013
169718,E,E5,19,21.93,1,07-Sep,54000,RENT,debt_consolidation,13375,0.2215,9060,0.308
170227,D,D5,12,25.81,2,10+,65000,MORTGAGE,debt_consolidation,15600,0.1824,12323,0.616
183619,F,F1,5,22.63,1,01-Mar,57000,RENT,debt_consolidation,19225,0.2343,5084,0.782
85823,D,D4,13,17.82,0,01-Mar,65000,RENT,debt_consolidation,29175,0.1905,23245,0.684
591,B,B5,14,22.61,0,04-Jun,45000,RENT,credit_card,10000,0.1269,10344,0.744
94578,B,B4,9,21.96,3,10+,126000,MORTGAGE,debt_consolidation,21000,0.1311,26469,0.758
210829,B,B3,16,26.63,1,0-1,52000,MORTGAGE,credit_card,13000,0.1199,17533,0.5
193124,A,A5,6,18.04,0,07-Sep,59000,MORTGAGE,debt_consolidation,7850,0.0839,20141,0.379
134719,D,D2,18,23.09,0,04-Jun,50000,MORTGAGE,debt_consolidation,10000,0.1849,7996,0.523
63391,C,C1,9,6.54,0,01-Mar,40000,RENT,debt_consolidation,7000,0.1368,6437,0.585
164783,C,C4,5,18.8,0,10+,42000,MORTGAGE,debt_consolidation,12000,0.1449,8533,0.97
241554,D,D4,13,21.39,0,10+,62000,MORTGAGE,debt_consolidation,10800,0.1757,9713,0.578
11654,E,E3,8,16.52,2,0-1,95000,MORTGAGE,home_improvement,35000,0.1879,561,0.026
10044,B,B2,10,12.92,1,04-Jun,52656,MORTGAGE,credit_card,13000,0.1059,10357,0.338
63118,B,B2,7,10.29,0,07-Sep,35000,OWN,small_business,10750,0.1064,1160,0.022
22513,B,B5,8,17.5,0,0-1,21600,RENT,debt_consolidation,5200,0.1186,5394,0.377
121052,C,C1,17,29.28,0,07-Sep,90000,MORTGAGE,debt_consolidation,15000,0.1433,24862,0.708
217589,B,B1,18,18.66,0,0-1,57000,MORTGAGE,credit_card,9500,0.0967,15408,0.499
66410,B,B4,9,18.19,0,0-1,50000,MORTGAGE,other,7500,0.1235,12638,0.552
161860,C,C3,8,20.61,0,10+,35000,RENT,debt_consolidation,5500,0.1366,5348,0.686
16668,A,A3,14,6.52,1,10+,60000,MORTGAGE,home_improvement,5000,0.0692,0,0
27595,C,C2,7,3.72,3,01-Mar,20000,RENT,credit_card,3000,0.1311,2602,0.132
141601,B,B1,7,2.13,1,01-Mar,150000,RENT,house,7000,0.0976,3113,0.126
47524,A,A5,4,14.39,0,0-1,92000,RENT,moving,12000,0.089,16083,0.414
74536,A,A2,5,11.74,0,missing,88000,MORTGAGE,credit_card,15000,0.0662,35049,0.788
16874,E,E2,6,14.24,0,01-Mar,92900,RENT,debt_consolidation,18000,0.1677,9429,0.655
96651,B,B3,16,14.53,0,04-Jun,80000,RENT,credit_card,12000,0.1212,13124,0.619
94054,E,E4,18,12.5,2,04-Jun,150000,MORTGAGE,debt_consolidation,18000,0.2198,11200,0.718
123213,B,B4,12,20.51,2,07-Sep,56400,MORTGAGE,debt_consolidation,8000,0.1311,6871,0.449
14458,D,D2,10,6,0,missing,36000,RENT,small_business,18000,0.1491,5914,0.352
11935,B,B5,12,16.56,0,0-1,75000,MORTGAGE,debt_consolidation,7000,0.1199,13497,0.865
158314,C,C3,6,5.3,1,07-Sep,65000,RENT,major_purchase,20000,0.1366,3171,0.152
95304,B,B3,10,14.14,0,04-Jun,32000,RENT,credit_card,10000,0.1212,7823,0.303
25984,C,C2,11,11.25,0,0-1,14400,RENT,debt_consolidation,6000,0.1361,2362,0.353
39280,B,B5,7,28.22,1,04-Jun,72000,OWN,debt_consolidation,15000,0.1353,5927,0.76
211257,D,D5,12,17.61,1,07-Sep,46000,RENT,major_purchase,6450,0.1947,2942,0.398
180229,F,F2,11,34.6,0,01-Mar,60000,RENT,other,20325,0.2408,6052,0.327
125578,C,C2,14,26.26,1,10+,80000,MORTGAGE,debt_consolidation,12000,0.1531,1219,0.092
111150,B,B3,11,9.73,0,04-Jun,92000,RENT,debt_consolidation,16000,0.1212,15638,0.686
106823,C,C3,14,21.58,3,01-Mar,52000,OWN,debt_consolidation,9000,0.158,7873,0.588
240825,E,E3,6,10.18,0,07-Sep,31000,OWN,debt_consolidation,5600,0.1952,3128,0.845
197410,A,A1,12,15.34,0,10+,55000,RENT,credit_card,9500,0.0603,11460,0.285
142754,D,D3,11,14.77,2,04-Jun,65000,MORTGAGE,home_improvement,5000,0.1825,5541,0.602
16921,D,D3,14,15.52,2,0-1,67500,RENT,debt_consolidation,22800,0.1528,21332,0.513
225326,E,E5,18,31.33,0,07-Sep,76000,OWN,credit_card,30000,0.2099,29488,0.741
159345,B,B1,15,24.67,1,0-1,64500,MORTGAGE,house,20000,0.0867,18328,0.454
155374,A,A1,10,8.28,0,0-1,50000,RENT,debt_consolidation,12175,0.0603,16919,0.408
69338,C,C2,9,8.86,0,01-Mar,125000,RENT,debt_consolidation,16800,0.1433,9477,0.365
75929,B,B3,5,5.5,1,10+,75000,MORTGAGE,debt_consolidation,4000,0.1212,8061,0.96
50560,D,D1,20,23.26,1,01-Mar,40000,OWN,credit_card,5000,0.1776,7234,0.965
84565,D,D5,9,15.45,0,10+,56000,RENT,other,9600,0.1972,9323,0.572
211404,D,D4,8,19.94,0,01-Mar,41000,MORTGAGE,home_improvement,14750,0.1892,4223,0.251
118366,B,B3,6,10.49,0,07-Sep,50000,RENT,debt_consolidation,10000,0.1212,24700,0.645
126032,C,C1,12,9.46,0,0-1,117500,MORTGAGE,debt_consolidation,25000,0.1433,25433,0.548
51210,A,A3,10,23.49,2,10+,80000,MORTGAGE,credit_card,15000,0.0762,29795,0.776
207846,B,B3,12,26.71,0,07-Sep,70000,MORTGAGE,credit_card,15625,0.1199,8042,0.712
1626,B,B5,14,12.88,0,01-Mar,96000,OWN,debt_consolidation,29000,0.1269,17216,0.758
231882,A,A2,10,17.66,0,07-Sep,98000,RENT,debt_consolidation,12000,0.0624,12673,0.157
56103,D,D1,10,20.94,0,01-Mar,31000,RENT,debt_consolidation,5000,0.1776,4642,0.469
171118,C,C3,7,10.76,0,0-1,80000,MORTGAGE,debt_consolidation,11550,0.1398,5537,0.353
193203,A,A1,19,18.51,2,04-Jun,88151,MORTGAGE,debt_consolidation,24700,0.0603,22228,0.175
17116,B,B3,11,9.54,0,10+,80000,MORTGAGE,debt_consolidation,8900,0.1037,19313,0.508
127297,D,D1,10,25.6,2,10+,98000,MORTGAGE,small_business,24000,0.1777,19572,0.623
158906,C,C3,9,16.67,1,0-1,64000,RENT,other,2500,0.1366,7986,0.502
227214,C,C3,13,9.8,0,missing,80000,RENT,home_improvement,20000,0.1333,6005,0.214
228333,C,C4,12,13.45,0,01-Mar,89850,RENT,debt_consolidation,12000,0.1399,238,0.008
88672,D,D3,12,8.09,5,10+,78000,MORTGAGE,home_improvement,6000,0.1875,5101,0.288
146121,B,B5,9,7.4,0,01-Mar,91955,RENT,major_purchase,10800,0.1367,4374,0.591
190538,A,A4,10,13.39,0,07-Sep,65000,RENT,credit_card,16500,0.0769,13801,0.369
229742,C,C4,7,11.79,2,01-Mar,40000,RENT,debt_consolidation,8000,0.1399,3039,0.434
146795,B,B5,6,17.99,0,04-Jun,44566.4,RENT,debt_consolidation,16000,0.1367,23435,0.905
153362,B,B1,7,9.33,0,07-Sep,31000,RENT,debt_consolidation,6400,0.0991,4696,0.382
148279,B,B3,3,10.13,0,07-Sep,48000,OWN,credit_card,7200,0.1212,12752,0.782
192274,A,A3,23,4.67,0,04-Jun,70000,MORTGAGE,debt_consolidation,3000,0.0712,4126,0.198
167414,B,B1,14,30.73,0,10+,35000,MORTGAGE,credit_card,7000,0.0917,6999,0.194
57885,B,B2,10,12.97,0,07-Sep,42000,RENT,credit_card,11200,0.1099,3727,0.234
33685,B,B3,11,4.34,0,04-Jun,122000,RENT,house,15000,0.1158,13410,0.2
38633,D,D3,4,3.94,1,01-Mar,70000,RENT,debt_consolidation,12000,0.1825,9020,0.71
156250,C,C2,4,5.96,2,01-Mar,32000,RENT,debt_consolidation,9000,0.1427,4692,0.769
210455,A,A4,5,8.82,1,10+,103000,MORTGAGE,credit_card,20000,0.079,19524,0.673
100206,B,B5,10,25.2,0,07-Sep,45000,RENT,debt_consolidation,16000,0.1409,17676,0.786
58295,C,C5,13,25.78,1,10+,40000,OWN,debt_consolidation,17325,0.171,16532,0.394
160547,C,C3,8,9.41,1,10+,145000,RENT,debt_consolidation,20400,0.1366,5567,0.357
86473,C,C1,14,24.77,0,04-Jun,35750,OWN,credit_card,8600,0.1433,11219,0.606
238656,B,B4,6,13.06,0,0-1,96000,MORTGAGE,debt_consolidation,24000,0.1099,12108,0.859
29732,E,E5,10,9.92,2,01-Mar,53000,RENT,debt_consolidation,25000,0.1793,6588,0.573
61875,D,D5,11,12.1,1,07-Sep,87467,MORTGAGE,debt_consolidation,16500,0.2031,17656,0.731
81798,C,C4,11,10.1,1,10+,110000,MORTGAGE,debt_consolidation,15000,0.1629,8493,0.423
98124,C,C1,17,25.71,1,07-Sep,48360,MORTGAGE,debt_consolidation,17900,0.1433,21420,0.83
169098,C,C4,8,5.72,1,01-Mar,197000,RENT,debt_consolidation,14000,0.1449,29460,0.705
186376,B,B5,8,23.97,0,04-Jun,46500,MORTGAGE,debt_consolidation,16350,0.1249,21325,0.644
144708,A,A1,10,13.67,0,10+,89000,MORTGAGE,major_purchase,3000,0.0603,20558,0.523
24375,B,B3,12,14.85,0,01-Mar,135000,MORTGAGE,debt_consolidation,25000,0.1112,28821,0.546
221422,B,B4,16,28.53,0,04-Jun,31000,MORTGAGE,credit_card,8125,0.1285,10509,0.263
90926,B,B5,18,25.78,1,04-Jun,91000,MORTGAGE,debt_consolidation,28000,0.1409,13989,0.603
213940,C,C1,9,12.43,3,04-Jun,117500,RENT,debt_consolidation,9600,0.1365,15734,0.61
5204,B,B4,4,3.55,1,0-1,37200,RENT,debt_consolidation,7000,0.1242,1378,0.23
236120,F,F3,10,9.31,1,07-Sep,53000,OWN,home_improvement,24000,0.245,1239,0.104
224240,B,B2,5,9.43,0,0-1,70000,OWN,other,6000,0.0917,0,0
6628,C,C4,9,17.04,1,07-Sep,55500,MORTGAGE,debt_consolidation,4750,0.1527,3840,0.914
21257,A,A5,18,16.36,0,01-Mar,84000,RENT,debt_consolidation,12000,0.0691,56706,0.577
201073,C,C1,9,13.22,3,10+,78000,RENT,debt_consolidation,23000,0.1365,12736,0.549
62527,A,A5,18,16.4,1,10+,130000,MORTGAGE,credit_card,24000,0.089,34204,0.322
138779,B,B3,9,26.02,0,0-1,30000,OWN,debt_consolidation,10000,0.1212,17133,0.651
248587,D,D2,7,28.41,0,01-Mar,64000,MORTGAGE,medical,1600,0.1599,17687,0.863
22670,A,A2,21,21.1,3,01-Mar,120000,MORTGAGE,car,6000,0.0676,3457,0.085
73121,C,C5,10,26.17,0,04-Jun,54000,RENT,debt_consolidation,23000,0.1678,9589,0.78
183052,E,E2,7,20.44,0,0-1,42000,RENT,credit_card,18450,0.1952,10965,0.929
192728,D,D1,9,20.85,3,07-Sep,67500,MORTGAGE,other,8000,0.1561,1393,0.13
210399,B,B3,7,27.56,0,10+,50000,MORTGAGE,credit_card,6500,0.1199,2700,0.692
146178,A,A5,12,21.17,0,0-1,45000,RENT,credit_card,10000,0.089,19223,0.559
51151,B,B1,11,18.49,0,0-1,42000,MORTGAGE,debt_consolidation,10000,0.0999,10584,0.46
127851,C,C2,9,16.94,2,04-Jun,60000,MORTGAGE,other,15875,0.1531,1409,0.403
172941,A,A5,7,16.06,1,07-Sep,29000,OWN,credit_card,6800,0.0839,5602,0.421
134216,C,C1,8,5.22,2,01-Mar,89000,MORTGAGE,debt_consolidation,15000,0.1433,7988,0.397
20544,A,A4,4,2.53,0,0-1,74004,OWN,debt_consolidation,3000,0.0654,5115,0.575
80242,B,B1,12,19.2,0,07-Sep,91000,OWN,credit_card,10000,0.1016,13334,0.301
58891,B,B2,11,19.64,1,10+,65000,MORTGAGE,debt_consolidation,3000,0.1099,33223,0.638
38540,C,C2,12,19.39,1,0-1,101000,RENT,debt_consolidation,35000,0.1447,29086,0.824
6498,A,A1,16,11.3,1,04-Jun,70000,MORTGAGE,car,7000,0.0603,4120,0.084
